ISO-10303-21;
HEADER;

/* File generated by Shapr3D Version 26.160.0.11640 */

FILE_DESCRIPTION(('HOOPS Exchange Step'),'2;1');

FILE_NAME('/Users/mark/Library/Containers/com.shapr3d.shapr/Data/tmp/export/temp_export',
'2026-09-01T21:48:22+20:00',
('mark'),
('Shapr3D Limited'),
'HOOPS Exchange 2026.3',
'Shapr3D',
'Authorized');

FILE_SCHEMA( ('AP242_MANAGED_MODEL_BASED_3D_ENGINEERING_MIM_LF {1 0 10303 442 1 1 4}') );

ENDSEC;

DATA;
#3=(NAMED_UNIT(*)PLANE_ANGLE_UNIT()SI_UNIT($,.RADIAN.));
#4=PLANE_ANGLE_MEASURE_WITH_UNIT(PLANE_ANGLE_MEASURE(0.0174532925),#3);
#5=(CONVERSION_BASED_UNIT('DEGREE',#4)NAMED_UNIT(#6)PLANE_ANGLE_UNIT());
#6=DIMENSIONAL_EXPONENTS(0.,0.,0.,0.,0.,0.,0.);
#7=(NAMED_UNIT(*)SI_UNIT($,.STERADIAN.)SOLID_ANGLE_UNIT());
#8=(LENGTH_UNIT()NAMED_UNIT(*)SI_UNIT(.MILLI.,.METRE.));
#9=UNCERTAINTY_MEASURE_WITH_UNIT(LENGTH_MEASURE(1.000000E-05),#8,'DISTANCE_ACCURACY_VALUE','Maximum Tolerance applied to model');
#10=(GEOMETRIC_REPRESENTATION_CONTEXT(3)GLOBAL_UNCERTAINTY_ASSIGNED_CONTEXT((#9))GLOBAL_UNIT_ASSIGNED_CONTEXT((#8,#5,#7))REPRESENTATION_CONTEXT('','root'));
#12=CARTESIAN_POINT('',(0.,0.,0.));
#13=DIRECTION('',(0.,0.,1.));
#14=DIRECTION('',(1.,0.,0.));
#15=AXIS2_PLACEMENT_3D('TS3D_PRODUCT_CSYS',#12,#13,#14);
#27=CARTESIAN_POINT('',(-11.75627073,-21.936891346,6.5));
#28=DIRECTION('',(-0.946738273,0.322004102,0.));
#29=DIRECTION('',(-0.322004102,-0.946738273,0.));
#30=AXIS2_PLACEMENT_3D('',#27,#28,#29);
#31=PLANE('',#30);
#32=CARTESIAN_POINT('',(-12.900876432,-25.302196384,0.));
#33=VERTEX_POINT('',#32);
#34=CARTESIAN_POINT('',(-10.611214616,-18.570262036,0.));
#35=VERTEX_POINT('',#34);
#36=CARTESIAN_POINT('',(-12.900876432,-25.302196384,0.));
#37=DIRECTION('',(0.322004102,0.946738273,0.));
#38=VECTOR('',#37,7.110660399);
#39=LINE('',#36,#38);
#40=EDGE_CURVE('',#33,#35,#39,.T.);
#41=ORIENTED_EDGE('',*,*,#40,.T.);
#42=CARTESIAN_POINT('',(-10.611214616,-18.570262036,1.5));
#43=VERTEX_POINT('',#42);
#44=CARTESIAN_POINT('',(-10.611214616,-18.570262036,0.));
#45=DIRECTION('',(0.,0.,1.));
#46=VECTOR('',#45,1.5);
#47=LINE('',#44,#46);
#48=EDGE_CURVE('',#35,#43,#47,.T.);
#49=ORIENTED_EDGE('',*,*,#48,.T.);
#50=CARTESIAN_POINT('',(-10.611665027,-18.571586309,1.5));
#51=VERTEX_POINT('',#50);
#52=CARTESIAN_POINT('',(-10.611214616,-18.570262036,1.5));
#53=DIRECTION('',(-0.322004102,-0.946738273,0.));
#54=VECTOR('',#53,0.001398775);
#55=LINE('',#52,#54);
#56=EDGE_CURVE('',#43,#51,#55,.T.);
#57=ORIENTED_EDGE('',*,*,#56,.T.);
#58=CARTESIAN_POINT('',(-10.611665027,-18.571586309,6.5));
#59=VERTEX_POINT('',#58);
#60=CARTESIAN_POINT('',(-10.611665027,-18.571586309,6.5));
#61=DIRECTION('',(0.,0.,-1.));
#62=VECTOR('',#61,5.);
#63=LINE('',#60,#62);
#64=EDGE_CURVE('',#59,#51,#63,.T.);
#65=ORIENTED_EDGE('',*,*,#64,.F.);
#66=CARTESIAN_POINT('',(-12.900876432,-25.302196384,6.5));
#67=VERTEX_POINT('',#66);
#68=CARTESIAN_POINT('',(-12.900876432,-25.302196384,6.5));
#69=DIRECTION('',(0.322004102,0.946738273,0.));
#70=VECTOR('',#69,7.109261624);
#71=LINE('',#68,#70);
#72=EDGE_CURVE('',#67,#59,#71,.T.);
#73=ORIENTED_EDGE('',*,*,#72,.F.);
#74=CARTESIAN_POINT('',(-12.900876432,-25.302196384,6.5));
#75=DIRECTION('',(0.,0.,-1.));
#76=VECTOR('',#75,6.5);
#77=LINE('',#74,#76);
#78=EDGE_CURVE('',#67,#33,#77,.T.);
#79=ORIENTED_EDGE('',*,*,#78,.T.);
#80=EDGE_LOOP('',(#41,#49,#57,#65,#73,#79));
#81=FACE_BOUND('',#80,.T.);
#82=ADVANCED_FACE('',(#81),#31,.F.);
#83=CARTESIAN_POINT('',(0.,0.,1.5));
#84=DIRECTION('',(0.,0.,1.));
#85=DIRECTION('',(1.,0.,0.));
#86=AXIS2_PLACEMENT_3D('',#83,#84,#85);
#87=PLANE('',#86);
#88=ORIENTED_EDGE('',*,*,#56,.F.);
#89=CARTESIAN_POINT('',(-11.037763405,-17.357784392,1.5));
#90=VERTEX_POINT('',#89);
#91=CARTESIAN_POINT('',(-11.59582242,-18.235377769,1.5));
#92=DIRECTION('',(0.,0.,1.));
#93=DIRECTION('',(1.,0.,-0.));
#94=AXIS2_PLACEMENT_3D('',#91,#92,#93);
#95=CIRCLE('',#94,1.04);
#96=EDGE_CURVE('',#43,#90,#95,.T.);
#97=ORIENTED_EDGE('',*,*,#96,.T.);
#98=CARTESIAN_POINT('',(-3.489532453,-20.271853967,1.5));
#99=VERTEX_POINT('',#98);
#100=CARTESIAN_POINT('',(0.,0.,1.5));
#101=DIRECTION('',(0.,0.,1.));
#102=DIRECTION('',(1.,0.,-0.));
#103=AXIS2_PLACEMENT_3D('',#100,#101,#102);
#104=CIRCLE('',#103,20.57);
#105=EDGE_CURVE('',#90,#99,#104,.T.);
#106=ORIENTED_EDGE('',*,*,#105,.T.);
#107=CARTESIAN_POINT('',(-4.268478484,-20.729027435,1.5));
#108=VERTEX_POINT('',#107);
#109=CARTESIAN_POINT('',(-3.608281735,-20.961708015,1.5));
#110=DIRECTION('',(0.,0.,1.));
#111=DIRECTION('',(1.,0.,-0.));
#112=AXIS2_PLACEMENT_3D('',#109,#110,#111);
#113=CIRCLE('',#112,0.7);
#114=EDGE_CURVE('',#99,#108,#113,.T.);
#115=ORIENTED_EDGE('',*,*,#114,.T.);
#116=CARTESIAN_POINT('',(-10.611665027,-18.571586309,1.5));
#117=DIRECTION('',(0.946738273,-0.322004102,0.));
#118=VECTOR('',#117,6.700042368);
#119=LINE('',#116,#118);
#120=EDGE_CURVE('',#51,#108,#119,.T.);
#121=ORIENTED_EDGE('',*,*,#120,.F.);
#122=EDGE_LOOP('',(#88,#97,#106,#115,#121));
#123=FACE_BOUND('',#122,.T.);
#124=ADVANCED_FACE('',(#123),#87,.F.);
#125=CARTESIAN_POINT('',(0.,0.,5.4));
#126=DIRECTION('',(0.,0.,-1.));
#127=DIRECTION('',(-1.,0.,0.));
#128=AXIS2_PLACEMENT_3D('',#125,#126,#127);
#129=CYLINDRICAL_SURFACE('',#128,20.57);
#130=CARTESIAN_POINT('',(-20.57,0.,0.));
#131=VERTEX_POINT('',#130);
#132=CARTESIAN_POINT('',(-20.57,0.,3.6));
#133=VERTEX_POINT('',#132);
#134=CARTESIAN_POINT('',(-20.57,0.,-0.));
#135=DIRECTION('',(-0.,-0.,1.));
#136=VECTOR('',#135,3.6);
#137=LINE('',#134,#136);
#138=EDGE_CURVE('',#131,#133,#137,.T.);
#139=ORIENTED_EDGE('',*,*,#138,.F.);
#140=CARTESIAN_POINT('',(17.994988756,9.965203444,0.));
#141=VERTEX_POINT('',#140);
#142=CARTESIAN_POINT('',(0.,0.,0.));
#143=DIRECTION('',(0.,0.,1.));
#144=DIRECTION('',(1.,0.,-0.));
#145=AXIS2_PLACEMENT_3D('',#142,#143,#144);
#146=CIRCLE('',#145,20.57);
#147=EDGE_CURVE('',#141,#131,#146,.T.);
#148=ORIENTED_EDGE('',*,*,#147,.F.);
#149=CARTESIAN_POINT('',(17.994988756,9.965203444,2.));
#150=VERTEX_POINT('',#149);
#151=CARTESIAN_POINT('',(17.994988756,9.965203444,2.));
#152=DIRECTION('',(0.,0.,-1.));
#153=VECTOR('',#152,2.);
#154=LINE('',#151,#153);
#155=EDGE_CURVE('',#150,#141,#154,.T.);
#156=ORIENTED_EDGE('',*,*,#155,.F.);
#157=CARTESIAN_POINT('',(20.540567178,1.1,2.));
#158=VERTEX_POINT('',#157);
#159=CARTESIAN_POINT('',(0.,0.,2.));
#160=DIRECTION('',(0.,0.,1.));
#161=DIRECTION('',(1.,0.,-0.));
#162=AXIS2_PLACEMENT_3D('',#159,#160,#161);
#163=CIRCLE('',#162,20.57);
#164=EDGE_CURVE('',#158,#150,#163,.T.);
#165=ORIENTED_EDGE('',*,*,#164,.F.);
#166=CARTESIAN_POINT('',(20.540567178,1.1,3.6));
#167=VERTEX_POINT('',#166);
#168=CARTESIAN_POINT('',(20.540567178,1.1,3.6));
#169=DIRECTION('',(0.,0.,-1.));
#170=VECTOR('',#169,1.6);
#171=LINE('',#168,#170);
#172=EDGE_CURVE('',#167,#158,#171,.T.);
#173=ORIENTED_EDGE('',*,*,#172,.F.);
#174=CARTESIAN_POINT('',(0.,0.,3.6));
#175=DIRECTION('',(0.,0.,1.));
#176=DIRECTION('',(1.,0.,-0.));
#177=AXIS2_PLACEMENT_3D('',#174,#175,#176);
#178=CIRCLE('',#177,20.57);
#179=EDGE_CURVE('',#167,#133,#178,.T.);
#180=ORIENTED_EDGE('',*,*,#179,.T.);
#181=EDGE_LOOP('',(#139,#148,#156,#165,#173,#180));
#182=FACE_BOUND('',#181,.T.);
#183=ADVANCED_FACE('',(#182),#129,.F.);
#184=CARTESIAN_POINT('',(0.,0.,0.));
#185=DIRECTION('',(0.,0.,1.));
#186=DIRECTION('',(1.,0.,0.));
#187=AXIS2_PLACEMENT_3D('',#184,#185,#186);
#188=PLANE('',#187);
#189=CARTESIAN_POINT('',(-4.270998526,-20.736305144,0.));
#190=VERTEX_POINT('',#189);
#191=CARTESIAN_POINT('',(-6.55773,-27.459623867,0.));
#192=VERTEX_POINT('',#191);
#193=CARTESIAN_POINT('',(-4.270998526,-20.736305144,0.));
#194=DIRECTION('',(-0.322004102,-0.946738273,0.));
#195=VECTOR('',#194,7.101560074);
#196=LINE('',#193,#195);
#197=EDGE_CURVE('',#190,#192,#196,.T.);
#198=ORIENTED_EDGE('',*,*,#197,.F.);
#199=CARTESIAN_POINT('',(-3.489532453,-20.271853967,0.));
#200=VERTEX_POINT('',#199);
#201=CARTESIAN_POINT('',(-3.608281735,-20.961708015,0.));
#202=DIRECTION('',(-0.,-0.,-1.));
#203=DIRECTION('',(1.,0.,-0.));
#204=AXIS2_PLACEMENT_3D('',#201,#202,#203);
#205=CIRCLE('',#204,0.7);
#206=EDGE_CURVE('',#190,#200,#205,.T.);
#207=ORIENTED_EDGE('',*,*,#206,.T.);
#208=CARTESIAN_POINT('',(3.497673279,-20.270450948,0.));
#209=VERTEX_POINT('',#208);
#210=CARTESIAN_POINT('',(0.,0.,0.));
#211=DIRECTION('',(0.,0.,1.));
#212=DIRECTION('',(1.,0.,-0.));
#213=AXIS2_PLACEMENT_3D('',#210,#211,#212);
#214=CIRCLE('',#213,20.57);
#215=EDGE_CURVE('',#200,#209,#214,.T.);
#216=ORIENTED_EDGE('',*,*,#215,.T.);
#217=CARTESIAN_POINT('',(4.268248627,-20.728220045,0.));
#218=VERTEX_POINT('',#217);
#219=CARTESIAN_POINT('',(3.614999218,-20.950402876,0.));
#220=DIRECTION('',(-0.,-0.,-1.));
#221=DIRECTION('',(1.,0.,-0.));
#222=AXIS2_PLACEMENT_3D('',#219,#220,#221);
#223=CIRCLE('',#222,0.69);
#224=EDGE_CURVE('',#209,#218,#223,.T.);
#225=ORIENTED_EDGE('',*,*,#224,.T.);
#226=CARTESIAN_POINT('',(6.55773,-27.459623867,0.));
#227=VERTEX_POINT('',#226);
#228=CARTESIAN_POINT('',(4.268248627,-20.728220045,0.));
#229=DIRECTION('',(0.322004102,-0.946738273,0.));
#230=VECTOR('',#229,7.110100025);
#231=LINE('',#228,#230);
#232=EDGE_CURVE('',#218,#227,#231,.T.);
#233=ORIENTED_EDGE('',*,*,#232,.T.);
#234=CARTESIAN_POINT('',(12.900876432,-25.302196384,0.));
#235=VERTEX_POINT('',#234);
#236=CARTESIAN_POINT('',(6.55773,-27.459623867,0.));
#237=DIRECTION('',(0.946738273,0.322004102,0.));
#238=VECTOR('',#237,6.7);
#239=LINE('',#236,#238);
#240=EDGE_CURVE('',#227,#235,#239,.T.);
#241=ORIENTED_EDGE('',*,*,#240,.T.);
#242=CARTESIAN_POINT('',(10.601083706,-18.540475705,0.));
#243=VERTEX_POINT('',#242);
#244=CARTESIAN_POINT('',(12.900876432,-25.302196384,0.));
#245=DIRECTION('',(-0.322004102,0.946738273,0.));
#246=VECTOR('',#245,7.142122453);
#247=LINE('',#244,#246);
#248=EDGE_CURVE('',#235,#243,#247,.T.);
#249=ORIENTED_EDGE('',*,*,#248,.T.);
#250=CARTESIAN_POINT('',(10.547821979,-18.218471603,0.));
#251=VERTEX_POINT('',#250);
#252=CARTESIAN_POINT('',(11.547821979,-18.218471603,0.));
#253=DIRECTION('',(-0.,-0.,-1.));
#254=DIRECTION('',(1.,0.,-0.));
#255=AXIS2_PLACEMENT_3D('',#252,#253,#254);
#256=CIRCLE('',#255,1.);
#257=EDGE_CURVE('',#243,#251,#256,.T.);
#258=ORIENTED_EDGE('',*,*,#257,.T.);
#259=CARTESIAN_POINT('',(11.012457029,-17.373850759,0.));
#260=VERTEX_POINT('',#259);
#261=CARTESIAN_POINT('',(11.547821979,-18.218471603,0.));
#262=DIRECTION('',(-0.,-0.,-1.));
#263=DIRECTION('',(1.,0.,-0.));
#264=AXIS2_PLACEMENT_3D('',#261,#262,#263);
#265=CIRCLE('',#264,1.);
#266=EDGE_CURVE('',#251,#260,#265,.T.);
#267=ORIENTED_EDGE('',*,*,#266,.T.);
#268=CARTESIAN_POINT('',(17.994988756,-9.965203444,0.));
#269=VERTEX_POINT('',#268);
#270=CARTESIAN_POINT('',(0.,0.,0.));
#271=DIRECTION('',(0.,0.,1.));
#272=DIRECTION('',(1.,0.,-0.));
#273=AXIS2_PLACEMENT_3D('',#270,#271,#272);
#274=CIRCLE('',#273,20.57);
#275=EDGE_CURVE('',#260,#269,#274,.T.);
#276=ORIENTED_EDGE('',*,*,#275,.T.);
#277=CARTESIAN_POINT('',(19.768934691,-9.965203444,0.));
#278=VERTEX_POINT('',#277);
#279=CARTESIAN_POINT('',(17.994988756,-9.965203444,0.));
#280=DIRECTION('',(1.,0.,-0.));
#281=VECTOR('',#280,1.773945935);
#282=LINE('',#279,#281);
#283=EDGE_CURVE('',#269,#278,#282,.T.);
#284=ORIENTED_EDGE('',*,*,#283,.T.);
#285=CARTESIAN_POINT('',(22.768934691,-12.965203444,0.));
#286=VERTEX_POINT('',#285);
#287=CARTESIAN_POINT('',(19.768934691,-12.965203444,0.));
#288=DIRECTION('',(-0.,-0.,-1.));
#289=DIRECTION('',(1.,0.,-0.));
#290=AXIS2_PLACEMENT_3D('',#287,#288,#289);
#291=CIRCLE('',#290,3.);
#292=EDGE_CURVE('',#278,#286,#291,.T.);
#293=ORIENTED_EDGE('',*,*,#292,.T.);
#294=CARTESIAN_POINT('',(22.768934691,-17.960390114,0.));
#295=VERTEX_POINT('',#294);
#296=CARTESIAN_POINT('',(22.768934691,-12.965203444,0.));
#297=DIRECTION('',(0.,-1.,0.));
#298=VECTOR('',#297,4.99518667);
#299=LINE('',#296,#298);
#300=EDGE_CURVE('',#286,#295,#299,.T.);
#301=ORIENTED_EDGE('',*,*,#300,.T.);
#302=CARTESIAN_POINT('',(43.,-17.960390114,0.));
#303=VERTEX_POINT('',#302);
#304=CARTESIAN_POINT('',(43.,-17.960390114,0.));
#305=DIRECTION('',(-1.,0.,0.));
#306=VECTOR('',#305,20.231065309);
#307=LINE('',#304,#306);
#308=EDGE_CURVE('',#303,#295,#307,.T.);
#309=ORIENTED_EDGE('',*,*,#308,.F.);
#310=CARTESIAN_POINT('',(43.,18.360390114,0.));
#311=VERTEX_POINT('',#310);
#312=CARTESIAN_POINT('',(43.,-17.960390114,0.));
#313=DIRECTION('',(-0.,1.,0.));
#314=VECTOR('',#313,36.320780228);
#315=LINE('',#312,#314);
#316=EDGE_CURVE('',#303,#311,#315,.T.);
#317=ORIENTED_EDGE('',*,*,#316,.T.);
#318=CARTESIAN_POINT('',(22.768934691,18.360390114,0.));
#319=VERTEX_POINT('',#318);
#320=CARTESIAN_POINT('',(22.768934691,18.360390114,0.));
#321=DIRECTION('',(1.,0.,0.));
#322=VECTOR('',#321,20.231065309);
#323=LINE('',#320,#322);
#324=EDGE_CURVE('',#319,#311,#323,.T.);
#325=ORIENTED_EDGE('',*,*,#324,.F.);
#326=CARTESIAN_POINT('',(22.768934691,12.965203444,0.));
#327=VERTEX_POINT('',#326);
#328=CARTESIAN_POINT('',(22.768934691,18.360390114,0.));
#329=DIRECTION('',(0.,-1.,0.));
#330=VECTOR('',#329,5.39518667);
#331=LINE('',#328,#330);
#332=EDGE_CURVE('',#319,#327,#331,.T.);
#333=ORIENTED_EDGE('',*,*,#332,.T.);
#334=CARTESIAN_POINT('',(19.768934691,9.965203444,0.));
#335=VERTEX_POINT('',#334);
#336=CARTESIAN_POINT('',(19.768934691,12.965203444,0.));
#337=DIRECTION('',(-0.,-0.,-1.));
#338=DIRECTION('',(1.,0.,-0.));
#339=AXIS2_PLACEMENT_3D('',#336,#337,#338);
#340=CIRCLE('',#339,3.);
#341=EDGE_CURVE('',#327,#335,#340,.T.);
#342=ORIENTED_EDGE('',*,*,#341,.T.);
#343=CARTESIAN_POINT('',(17.994988756,9.965203444,0.));
#344=DIRECTION('',(1.,0.,-0.));
#345=VECTOR('',#344,1.773945935);
#346=LINE('',#343,#345);
#347=EDGE_CURVE('',#141,#335,#346,.T.);
#348=ORIENTED_EDGE('',*,*,#347,.F.);
#349=ORIENTED_EDGE('',*,*,#147,.T.);
#350=CARTESIAN_POINT('',(-11.037763405,-17.357784392,0.));
#351=VERTEX_POINT('',#350);
#352=CARTESIAN_POINT('',(0.,0.,0.));
#353=DIRECTION('',(0.,0.,1.));
#354=DIRECTION('',(1.,0.,-0.));
#355=AXIS2_PLACEMENT_3D('',#352,#353,#354);
#356=CIRCLE('',#355,20.57);
#357=EDGE_CURVE('',#131,#351,#356,.T.);
#358=ORIENTED_EDGE('',*,*,#357,.T.);
#359=CARTESIAN_POINT('',(-11.59582242,-18.235377769,0.));
#360=DIRECTION('',(-0.,-0.,-1.));
#361=DIRECTION('',(1.,0.,-0.));
#362=AXIS2_PLACEMENT_3D('',#359,#360,#361);
#363=CIRCLE('',#362,1.04);
#364=EDGE_CURVE('',#351,#35,#363,.T.);
#365=ORIENTED_EDGE('',*,*,#364,.T.);
#366=ORIENTED_EDGE('',*,*,#40,.F.);
#367=CARTESIAN_POINT('',(-6.55773,-27.459623867,0.));
#368=DIRECTION('',(-0.946738273,0.322004102,0.));
#369=VECTOR('',#368,6.7);
#370=LINE('',#367,#369);
#371=EDGE_CURVE('',#192,#33,#370,.T.);
#372=ORIENTED_EDGE('',*,*,#371,.F.);
#373=EDGE_LOOP('',(#198,#207,#216,#225,#233,#241,#249,#258,#267,#276,#284,#293,#301,#309,#317,#325,#333,#342,#348,#349,#358,#365,#366,#372));
#374=FACE_BOUND('',#373,.T.);
#375=CARTESIAN_POINT('',(23.086336335,-19.960390114,0.));
#376=VERTEX_POINT('',#375);
#377=CARTESIAN_POINT('',(19.691286874,-21.289744509,0.));
#378=VERTEX_POINT('',#377);
#379=CARTESIAN_POINT('',(23.086336335,-24.960390114,0.));
#380=DIRECTION('',(0.,0.,1.));
#381=DIRECTION('',(1.,0.,-0.));
#382=AXIS2_PLACEMENT_3D('',#379,#380,#381);
#383=CIRCLE('',#382,5.);
#384=EDGE_CURVE('',#376,#378,#383,.T.);
#385=ORIENTED_EDGE('',*,*,#384,.T.);
#386=CARTESIAN_POINT('',(-29.,0.,0.));
#387=VERTEX_POINT('',#386);
#388=CARTESIAN_POINT('',(0.,0.,0.));
#389=DIRECTION('',(0.,0.,1.));
#390=DIRECTION('',(1.,0.,-0.));
#391=AXIS2_PLACEMENT_3D('',#388,#389,#390);
#392=CIRCLE('',#391,29.);
#393=EDGE_CURVE('',#387,#378,#392,.T.);
#394=ORIENTED_EDGE('',*,*,#393,.F.);
#395=CARTESIAN_POINT('',(19.691286874,21.289744509,0.));
#396=VERTEX_POINT('',#395);
#397=CARTESIAN_POINT('',(0.,0.,0.));
#398=DIRECTION('',(0.,0.,1.));
#399=DIRECTION('',(1.,0.,-0.));
#400=AXIS2_PLACEMENT_3D('',#397,#398,#399);
#401=CIRCLE('',#400,29.);
#402=EDGE_CURVE('',#396,#387,#401,.T.);
#403=ORIENTED_EDGE('',*,*,#402,.F.);
#404=CARTESIAN_POINT('',(23.086336335,19.960390114,0.));
#405=VERTEX_POINT('',#404);
#406=CARTESIAN_POINT('',(23.086336335,24.960390114,0.));
#407=DIRECTION('',(0.,0.,1.));
#408=DIRECTION('',(1.,0.,-0.));
#409=AXIS2_PLACEMENT_3D('',#406,#407,#408);
#410=CIRCLE('',#409,5.);
#411=EDGE_CURVE('',#396,#405,#410,.T.);
#412=ORIENTED_EDGE('',*,*,#411,.T.);
#413=CARTESIAN_POINT('',(29.796802129,19.960390114,0.));
#414=VERTEX_POINT('',#413);
#415=CARTESIAN_POINT('',(23.086336335,19.960390114,0.));
#416=DIRECTION('',(1.,0.,0.));
#417=VECTOR('',#416,6.710465794);
#418=LINE('',#415,#417);
#419=EDGE_CURVE('',#405,#414,#418,.T.);
#420=ORIENTED_EDGE('',*,*,#419,.T.);
#421=CARTESIAN_POINT('',(30.324645608,19.960390114,0.));
#422=VERTEX_POINT('',#421);
#423=CARTESIAN_POINT('',(29.796802129,19.960390114,0.));
#424=DIRECTION('',(1.,0.,0.));
#425=VECTOR('',#424,0.527843479);
#426=LINE('',#423,#425);
#427=EDGE_CURVE('',#414,#422,#426,.T.);
#428=ORIENTED_EDGE('',*,*,#427,.T.);
#429=CARTESIAN_POINT('',(36.673845608,19.960390114,0.));
#430=VERTEX_POINT('',#429);
#431=CARTESIAN_POINT('',(30.324645608,19.960390114,0.));
#432=DIRECTION('',(1.,0.,0.));
#433=VECTOR('',#432,6.3492);
#434=LINE('',#431,#433);
#435=EDGE_CURVE('',#422,#430,#434,.T.);
#436=ORIENTED_EDGE('',*,*,#435,.T.);
#437=CARTESIAN_POINT('',(37.201689087,19.960390114,0.));
#438=VERTEX_POINT('',#437);
#439=CARTESIAN_POINT('',(36.673845608,19.960390114,0.));
#440=DIRECTION('',(1.,0.,0.));
#441=VECTOR('',#440,0.527843479);
#442=LINE('',#439,#441);
#443=EDGE_CURVE('',#430,#438,#442,.T.);
#444=ORIENTED_EDGE('',*,*,#443,.T.);
#445=CARTESIAN_POINT('',(45.,19.960390114,0.));
#446=VERTEX_POINT('',#445);
#447=CARTESIAN_POINT('',(37.201689087,19.960390114,0.));
#448=DIRECTION('',(1.,0.,0.));
#449=VECTOR('',#448,7.798310913);
#450=LINE('',#447,#449);
#451=EDGE_CURVE('',#438,#446,#450,.T.);
#452=ORIENTED_EDGE('',*,*,#451,.T.);
#453=CARTESIAN_POINT('',(48.,16.960390114,0.));
#454=VERTEX_POINT('',#453);
#455=CARTESIAN_POINT('',(45.,16.960390114,0.));
#456=DIRECTION('',(-0.,-0.,-1.));
#457=DIRECTION('',(1.,0.,-0.));
#458=AXIS2_PLACEMENT_3D('',#455,#456,#457);
#459=CIRCLE('',#458,3.);
#460=EDGE_CURVE('',#446,#454,#459,.T.);
#461=ORIENTED_EDGE('',*,*,#460,.T.);
#462=CARTESIAN_POINT('',(48.,-16.960390114,0.));
#463=VERTEX_POINT('',#462);
#464=CARTESIAN_POINT('',(48.,16.960390114,0.));
#465=DIRECTION('',(0.,-1.,0.));
#466=VECTOR('',#465,33.920780228);
#467=LINE('',#464,#466);
#468=EDGE_CURVE('',#454,#463,#467,.T.);
#469=ORIENTED_EDGE('',*,*,#468,.T.);
#470=CARTESIAN_POINT('',(45.,-19.960390114,0.));
#471=VERTEX_POINT('',#470);
#472=CARTESIAN_POINT('',(45.,-16.960390114,0.));
#473=DIRECTION('',(-0.,-0.,-1.));
#474=DIRECTION('',(1.,0.,-0.));
#475=AXIS2_PLACEMENT_3D('',#472,#473,#474);
#476=CIRCLE('',#475,3.);
#477=EDGE_CURVE('',#463,#471,#476,.T.);
#478=ORIENTED_EDGE('',*,*,#477,.T.);
#479=CARTESIAN_POINT('',(45.,-19.960390114,0.));
#480=DIRECTION('',(-1.,0.,0.));
#481=VECTOR('',#480,21.913663665);
#482=LINE('',#479,#481);
#483=EDGE_CURVE('',#471,#376,#482,.T.);
#484=ORIENTED_EDGE('',*,*,#483,.T.);
#485=EDGE_LOOP('',(#385,#394,#403,#412,#420,#428,#436,#444,#452,#461,#469,#478,#484));
#486=FACE_BOUND('',#485,.T.);
#487=CARTESIAN_POINT('',(-14.683491796,-18.52898486,0.));
#488=VERTEX_POINT('',#487);
#489=CARTESIAN_POINT('',(-17.683491796,-18.52898486,0.));
#490=VERTEX_POINT('',#489);
#491=CARTESIAN_POINT('',(-16.183491796,-18.52898486,0.));
#492=DIRECTION('',(0.,0.,1.));
#493=DIRECTION('',(1.,0.,-0.));
#494=AXIS2_PLACEMENT_3D('',#491,#492,#493);
#495=CIRCLE('',#494,1.5);
#496=EDGE_CURVE('',#488,#490,#495,.T.);
#497=ORIENTED_EDGE('',*,*,#496,.T.);
#498=CARTESIAN_POINT('',(-16.183491796,-18.52898486,0.));
#499=DIRECTION('',(0.,0.,1.));
#500=DIRECTION('',(1.,0.,-0.));
#501=AXIS2_PLACEMENT_3D('',#498,#499,#500);
#502=CIRCLE('',#501,1.5);
#503=EDGE_CURVE('',#490,#488,#502,.T.);
#504=ORIENTED_EDGE('',*,*,#503,.T.);
#505=EDGE_LOOP('',(#497,#504));
#506=FACE_BOUND('',#505,.T.);
#507=CARTESIAN_POINT('',(-6.5,24.,0.));
#508=VERTEX_POINT('',#507);
#509=CARTESIAN_POINT('',(-9.5,24.,0.));
#510=VERTEX_POINT('',#509);
#511=CARTESIAN_POINT('',(-8.,24.,0.));
#512=DIRECTION('',(0.,0.,1.));
#513=DIRECTION('',(1.,0.,-0.));
#514=AXIS2_PLACEMENT_3D('',#511,#512,#513);
#515=CIRCLE('',#514,1.5);
#516=EDGE_CURVE('',#508,#510,#515,.T.);
#517=ORIENTED_EDGE('',*,*,#516,.T.);
#518=CARTESIAN_POINT('',(-8.,24.,0.));
#519=DIRECTION('',(0.,0.,1.));
#520=DIRECTION('',(1.,0.,-0.));
#521=AXIS2_PLACEMENT_3D('',#518,#519,#520);
#522=CIRCLE('',#521,1.5);
#523=EDGE_CURVE('',#510,#508,#522,.T.);
#524=ORIENTED_EDGE('',*,*,#523,.T.);
#525=EDGE_LOOP('',(#517,#524));
#526=FACE_BOUND('',#525,.T.);
#527=CARTESIAN_POINT('',(46.88282007,17.233068123,0.));
#528=VERTEX_POINT('',#527);
#529=CARTESIAN_POINT('',(43.88282007,17.233068123,0.));
#530=VERTEX_POINT('',#529);
#531=CARTESIAN_POINT('',(45.38282007,17.233068123,0.));
#532=DIRECTION('',(0.,0.,1.));
#533=DIRECTION('',(1.,0.,-0.));
#534=AXIS2_PLACEMENT_3D('',#531,#532,#533);
#535=CIRCLE('',#534,1.5);
#536=EDGE_CURVE('',#528,#530,#535,.T.);
#537=ORIENTED_EDGE('',*,*,#536,.T.);
#538=CARTESIAN_POINT('',(45.38282007,17.233068123,0.));
#539=DIRECTION('',(0.,0.,1.));
#540=DIRECTION('',(1.,0.,-0.));
#541=AXIS2_PLACEMENT_3D('',#538,#539,#540);
#542=CIRCLE('',#541,1.5);
#543=EDGE_CURVE('',#530,#528,#542,.T.);
#544=ORIENTED_EDGE('',*,*,#543,.T.);
#545=EDGE_LOOP('',(#537,#544));
#546=FACE_BOUND('',#545,.T.);
#547=CARTESIAN_POINT('',(46.88282007,-17.363445833,0.));
#548=VERTEX_POINT('',#547);
#549=CARTESIAN_POINT('',(43.88282007,-17.363445833,0.));
#550=VERTEX_POINT('',#549);
#551=CARTESIAN_POINT('',(45.38282007,-17.363445833,0.));
#552=DIRECTION('',(0.,0.,1.));
#553=DIRECTION('',(1.,0.,-0.));
#554=AXIS2_PLACEMENT_3D('',#551,#552,#553);
#555=CIRCLE('',#554,1.5);
#556=EDGE_CURVE('',#548,#550,#555,.T.);
#557=ORIENTED_EDGE('',*,*,#556,.T.);
#558=CARTESIAN_POINT('',(45.38282007,-17.363445833,0.));
#559=DIRECTION('',(0.,0.,1.));
#560=DIRECTION('',(1.,0.,-0.));
#561=AXIS2_PLACEMENT_3D('',#558,#559,#560);
#562=CIRCLE('',#561,1.5);
#563=EDGE_CURVE('',#550,#548,#562,.T.);
#564=ORIENTED_EDGE('',*,*,#563,.T.);
#565=EDGE_LOOP('',(#557,#564));
#566=FACE_BOUND('',#565,.T.);
#567=ADVANCED_FACE('',(#374,#486,#506,#526,#546,#566),#188,.F.);
#568=CARTESIAN_POINT('',(7.440091811,-19.650300051,6.5));
#569=DIRECTION('',(0.322004102,-0.946738273,0.));
#570=DIRECTION('',(0.946738273,0.322004102,0.));
#571=AXIS2_PLACEMENT_3D('',#568,#569,#570);
#572=PLANE('',#571);
#573=CARTESIAN_POINT('',(4.268518595,-20.729013792,6.5));
#574=VERTEX_POINT('',#573);
#575=CARTESIAN_POINT('',(4.268518595,-20.729013792,1.8));
#576=VERTEX_POINT('',#575);
#577=CARTESIAN_POINT('',(4.268518595,-20.729013792,6.5));
#578=DIRECTION('',(0.,0.,-1.));
#579=VECTOR('',#578,4.7);
#580=LINE('',#577,#579);
#581=EDGE_CURVE('',#574,#576,#580,.T.);
#582=ORIENTED_EDGE('',*,*,#581,.T.);
#583=CARTESIAN_POINT('',(10.611665027,-18.571586309,1.8));
#584=VERTEX_POINT('',#583);
#585=CARTESIAN_POINT('',(10.611665027,-18.571586309,1.8));
#586=DIRECTION('',(-0.946738273,-0.322004102,0.));
#587=VECTOR('',#586,6.7);
#588=LINE('',#585,#587);
#589=EDGE_CURVE('',#584,#576,#588,.T.);
#590=ORIENTED_EDGE('',*,*,#589,.F.);
#591=CARTESIAN_POINT('',(10.611665027,-18.571586309,6.5));
#592=VERTEX_POINT('',#591);
#593=CARTESIAN_POINT('',(10.611665027,-18.571586309,6.5));
#594=DIRECTION('',(0.,0.,-1.));
#595=VECTOR('',#594,4.7);
#596=LINE('',#593,#595);
#597=EDGE_CURVE('',#592,#584,#596,.T.);
#598=ORIENTED_EDGE('',*,*,#597,.F.);
#599=CARTESIAN_POINT('',(10.611665027,-18.571586309,6.5));
#600=DIRECTION('',(-0.946738273,-0.322004102,0.));
#601=VECTOR('',#600,6.7);
#602=LINE('',#599,#601);
#603=EDGE_CURVE('',#592,#574,#602,.T.);
#604=ORIENTED_EDGE('',*,*,#603,.T.);
#605=EDGE_LOOP('',(#582,#590,#598,#604));
#606=FACE_BOUND('',#605,.T.);
#607=ADVANCED_FACE('',(#606),#572,.T.);
#608=CARTESIAN_POINT('',(20.381961723,9.965203444,6.));
#609=DIRECTION('',(0.,1.,0.));
#610=DIRECTION('',(0.,0.,1.));
#611=AXIS2_PLACEMENT_3D('',#608,#609,#610);
#612=PLANE('',#611);
#613=ORIENTED_EDGE('',*,*,#347,.T.);
#614=CARTESIAN_POINT('',(19.768934691,9.965203444,2.));
#615=VERTEX_POINT('',#614);
#616=CARTESIAN_POINT('',(19.768934691,9.965203444,0.));
#617=DIRECTION('',(-0.,-0.,1.));
#618=VECTOR('',#617,2.);
#619=LINE('',#616,#618);
#620=EDGE_CURVE('',#335,#615,#619,.T.);
#621=ORIENTED_EDGE('',*,*,#620,.T.);
#622=CARTESIAN_POINT('',(17.994988756,9.965203444,2.));
#623=DIRECTION('',(1.,0.,-0.));
#624=VECTOR('',#623,1.773945935);
#625=LINE('',#622,#624);
#626=EDGE_CURVE('',#150,#615,#625,.T.);
#627=ORIENTED_EDGE('',*,*,#626,.F.);
#628=ORIENTED_EDGE('',*,*,#155,.T.);
#629=EDGE_LOOP('',(#613,#621,#627,#628));
#630=FACE_BOUND('',#629,.T.);
#631=ADVANCED_FACE('',(#630),#612,.F.);
#632=CARTESIAN_POINT('',(20.381961723,-9.965203444,6.));
#633=DIRECTION('',(0.,1.,0.));
#634=DIRECTION('',(0.,0.,1.));
#635=AXIS2_PLACEMENT_3D('',#632,#633,#634);
#636=PLANE('',#635);
#637=CARTESIAN_POINT('',(17.994988756,-9.965203444,2.));
#638=VERTEX_POINT('',#637);
#639=CARTESIAN_POINT('',(19.768934691,-9.965203444,2.));
#640=VERTEX_POINT('',#639);
#641=CARTESIAN_POINT('',(17.994988756,-9.965203444,2.));
#642=DIRECTION('',(1.,0.,-0.));
#643=VECTOR('',#642,1.773945935);
#644=LINE('',#641,#643);
#645=EDGE_CURVE('',#638,#640,#644,.T.);
#646=ORIENTED_EDGE('',*,*,#645,.T.);
#647=CARTESIAN_POINT('',(19.768934691,-9.965203444,2.));
#648=DIRECTION('',(0.,0.,-1.));
#649=VECTOR('',#648,2.);
#650=LINE('',#647,#649);
#651=EDGE_CURVE('',#640,#278,#650,.T.);
#652=ORIENTED_EDGE('',*,*,#651,.T.);
#653=ORIENTED_EDGE('',*,*,#283,.F.);
#654=CARTESIAN_POINT('',(17.994988756,-9.965203444,2.));
#655=DIRECTION('',(0.,0.,-1.));
#656=VECTOR('',#655,2.);
#657=LINE('',#654,#656);
#658=EDGE_CURVE('',#638,#269,#657,.T.);
#659=ORIENTED_EDGE('',*,*,#658,.F.);
#660=EDGE_LOOP('',(#646,#652,#653,#659));
#661=FACE_BOUND('',#660,.T.);
#662=ADVANCED_FACE('',(#661),#636,.T.);
#663=CARTESIAN_POINT('',(19.969702386,1.1,5.4));
#664=DIRECTION('',(0.,1.,0.));
#665=DIRECTION('',(0.,0.,1.));
#666=AXIS2_PLACEMENT_3D('',#663,#664,#665);
#667=PLANE('',#666);
#668=CARTESIAN_POINT('',(19.920966342,1.1,3.6));
#669=VERTEX_POINT('',#668);
#670=CARTESIAN_POINT('',(19.920966342,1.1,3.6));
#671=DIRECTION('',(1.,0.,-0.));
#672=VECTOR('',#671,0.619600836);
#673=LINE('',#670,#672);
#674=EDGE_CURVE('',#669,#167,#673,.T.);
#675=ORIENTED_EDGE('',*,*,#674,.T.);
#676=ORIENTED_EDGE('',*,*,#172,.T.);
#677=CARTESIAN_POINT('',(19.920966342,1.1,2.));
#678=VERTEX_POINT('',#677);
#679=CARTESIAN_POINT('',(19.920966342,1.1,2.));
#680=DIRECTION('',(1.,0.,-0.));
#681=VECTOR('',#680,0.619600836);
#682=LINE('',#679,#681);
#683=EDGE_CURVE('',#678,#158,#682,.T.);
#684=ORIENTED_EDGE('',*,*,#683,.F.);
#685=CARTESIAN_POINT('',(19.920966342,1.1,2.));
#686=DIRECTION('',(-0.,-0.,1.));
#687=VECTOR('',#686,1.6);
#688=LINE('',#685,#687);
#689=EDGE_CURVE('',#678,#669,#688,.T.);
#690=ORIENTED_EDGE('',*,*,#689,.T.);
#691=EDGE_LOOP('',(#675,#676,#684,#690));
#692=FACE_BOUND('',#691,.T.);
#693=ADVANCED_FACE('',(#692),#667,.T.);
#694=CARTESIAN_POINT('',(0.,0.,3.6));
#695=DIRECTION('',(0.,0.,-1.));
#696=DIRECTION('',(-1.,0.,0.));
#697=AXIS2_PLACEMENT_3D('',#694,#695,#696);
#698=PLANE('',#697);
#699=CARTESIAN_POINT('',(43.,-17.960390114,3.6));
#700=VERTEX_POINT('',#699);
#701=CARTESIAN_POINT('',(22.768934691,-17.960390114,3.6));
#702=VERTEX_POINT('',#701);
#703=CARTESIAN_POINT('',(43.,-17.960390114,3.6));
#704=DIRECTION('',(-1.,0.,0.));
#705=VECTOR('',#704,20.231065309);
#706=LINE('',#703,#705);
#707=EDGE_CURVE('',#700,#702,#706,.T.);
#708=ORIENTED_EDGE('',*,*,#707,.T.);
#709=CARTESIAN_POINT('',(22.768934691,18.360390114,3.6));
#710=VERTEX_POINT('',#709);
#711=CARTESIAN_POINT('',(22.768934691,18.360390114,3.6));
#712=DIRECTION('',(0.,-1.,0.));
#713=VECTOR('',#712,36.320780228);
#714=LINE('',#711,#713);
#715=EDGE_CURVE('',#710,#702,#714,.T.);
#716=ORIENTED_EDGE('',*,*,#715,.F.);
#717=CARTESIAN_POINT('',(24.199245608,18.360390114,3.6));
#718=VERTEX_POINT('',#717);
#719=CARTESIAN_POINT('',(22.768934691,18.360390114,3.6));
#720=DIRECTION('',(1.,0.,0.));
#721=VECTOR('',#720,1.430310917);
#722=LINE('',#719,#721);
#723=EDGE_CURVE('',#710,#718,#722,.T.);
#724=ORIENTED_EDGE('',*,*,#723,.T.);
#725=CARTESIAN_POINT('',(24.199245608,-4.640890114,3.6));
#726=VERTEX_POINT('',#725);
#727=CARTESIAN_POINT('',(24.199245608,-4.640890114,3.6));
#728=DIRECTION('',(0.,1.,0.));
#729=VECTOR('',#728,23.001280228);
#730=LINE('',#727,#729);
#731=EDGE_CURVE('',#726,#718,#730,.T.);
#732=ORIENTED_EDGE('',*,*,#731,.F.);
#733=CARTESIAN_POINT('',(25.499245608,-5.940890114,3.6));
#734=VERTEX_POINT('',#733);
#735=CARTESIAN_POINT('',(25.499245608,-4.640890114,3.6));
#736=DIRECTION('',(-0.,-0.,1.));
#737=DIRECTION('',(-1.,0.,0.));
#738=AXIS2_PLACEMENT_3D('',#735,#736,#737);
#739=CIRCLE('',#738,1.3);
#740=EDGE_CURVE('',#726,#734,#739,.T.);
#741=ORIENTED_EDGE('',*,*,#740,.T.);
#742=CARTESIAN_POINT('',(43.,-5.940890114,3.6));
#743=VERTEX_POINT('',#742);
#744=CARTESIAN_POINT('',(25.499245608,-5.940890114,3.6));
#745=DIRECTION('',(1.,-0.,0.));
#746=VECTOR('',#745,17.500754392);
#747=LINE('',#744,#746);
#748=EDGE_CURVE('',#734,#743,#747,.T.);
#749=ORIENTED_EDGE('',*,*,#748,.T.);
#750=CARTESIAN_POINT('',(43.,-17.960390114,3.6));
#751=DIRECTION('',(-0.,1.,0.));
#752=VECTOR('',#751,12.0195);
#753=LINE('',#750,#752);
#754=EDGE_CURVE('',#700,#743,#753,.T.);
#755=ORIENTED_EDGE('',*,*,#754,.F.);
#756=EDGE_LOOP('',(#708,#716,#724,#732,#741,#749,#755));
#757=FACE_BOUND('',#756,.T.);
#758=ADVANCED_FACE('',(#757),#698,.T.);
#759=CARTESIAN_POINT('',(0.,0.,3.6));
#760=DIRECTION('',(0.,0.,-1.));
#761=DIRECTION('',(-1.,0.,0.));
#762=AXIS2_PLACEMENT_3D('',#759,#760,#761);
#763=PLANE('',#762);
#764=CARTESIAN_POINT('',(19.421192977,0.584947316,3.6));
#765=VERTEX_POINT('',#764);
#766=CARTESIAN_POINT('',(-19.43,-0.,3.6));
#767=VERTEX_POINT('',#766);
#768=CARTESIAN_POINT('',(0.,-0.,3.6));
#769=DIRECTION('',(0.,0.,1.));
#770=DIRECTION('',(1.,0.,-0.));
#771=AXIS2_PLACEMENT_3D('',#768,#769,#770);
#772=CIRCLE('',#771,19.43);
#773=EDGE_CURVE('',#765,#767,#772,.T.);
#774=ORIENTED_EDGE('',*,*,#773,.T.);
#775=CARTESIAN_POINT('',(19.421192977,-0.584947316,3.6));
#776=VERTEX_POINT('',#775);
#777=CARTESIAN_POINT('',(0.,-0.,3.6));
#778=DIRECTION('',(0.,0.,1.));
#779=DIRECTION('',(1.,0.,-0.));
#780=AXIS2_PLACEMENT_3D('',#777,#778,#779);
#781=CIRCLE('',#780,19.43);
#782=EDGE_CURVE('',#767,#776,#781,.T.);
#783=ORIENTED_EDGE('',*,*,#782,.T.);
#784=CARTESIAN_POINT('',(19.420966342,-0.6,3.6));
#785=VERTEX_POINT('',#784);
#786=CARTESIAN_POINT('',(19.920966342,-0.6,3.6));
#787=DIRECTION('',(0.,0.,1.));
#788=DIRECTION('',(1.,0.,-0.));
#789=AXIS2_PLACEMENT_3D('',#786,#787,#788);
#790=CIRCLE('',#789,0.5);
#791=EDGE_CURVE('',#776,#785,#790,.T.);
#792=ORIENTED_EDGE('',*,*,#791,.T.);
#793=CARTESIAN_POINT('',(19.920966342,-1.1,3.6));
#794=VERTEX_POINT('',#793);
#795=CARTESIAN_POINT('',(19.920966342,-0.6,3.6));
#796=DIRECTION('',(0.,0.,1.));
#797=DIRECTION('',(1.,0.,-0.));
#798=AXIS2_PLACEMENT_3D('',#795,#796,#797);
#799=CIRCLE('',#798,0.5);
#800=EDGE_CURVE('',#785,#794,#799,.T.);
#801=ORIENTED_EDGE('',*,*,#800,.T.);
#802=CARTESIAN_POINT('',(20.540567178,-1.1,3.6));
#803=VERTEX_POINT('',#802);
#804=CARTESIAN_POINT('',(20.540567178,-1.1,3.6));
#805=DIRECTION('',(-1.,0.,0.));
#806=VECTOR('',#805,0.619600836);
#807=LINE('',#804,#806);
#808=EDGE_CURVE('',#803,#794,#807,.T.);
#809=ORIENTED_EDGE('',*,*,#808,.F.);
#810=CARTESIAN_POINT('',(0.,0.,3.6));
#811=DIRECTION('',(0.,0.,1.));
#812=DIRECTION('',(1.,0.,-0.));
#813=AXIS2_PLACEMENT_3D('',#810,#811,#812);
#814=CIRCLE('',#813,20.57);
#815=EDGE_CURVE('',#133,#803,#814,.T.);
#816=ORIENTED_EDGE('',*,*,#815,.F.);
#817=ORIENTED_EDGE('',*,*,#179,.F.);
#818=ORIENTED_EDGE('',*,*,#674,.F.);
#819=CARTESIAN_POINT('',(19.420966342,0.6,3.6));
#820=VERTEX_POINT('',#819);
#821=CARTESIAN_POINT('',(19.920966342,0.6,3.6));
#822=DIRECTION('',(0.,0.,1.));
#823=DIRECTION('',(1.,0.,-0.));
#824=AXIS2_PLACEMENT_3D('',#821,#822,#823);
#825=CIRCLE('',#824,0.5);
#826=EDGE_CURVE('',#669,#820,#825,.T.);
#827=ORIENTED_EDGE('',*,*,#826,.T.);
#828=CARTESIAN_POINT('',(19.920966342,0.6,3.6));
#829=DIRECTION('',(0.,0.,1.));
#830=DIRECTION('',(1.,0.,-0.));
#831=AXIS2_PLACEMENT_3D('',#828,#829,#830);
#832=CIRCLE('',#831,0.5);
#833=EDGE_CURVE('',#820,#765,#832,.T.);
#834=ORIENTED_EDGE('',*,*,#833,.T.);
#835=EDGE_LOOP('',(#774,#783,#792,#801,#809,#816,#817,#818,#827,#834));
#836=FACE_BOUND('',#835,.T.);
#837=ADVANCED_FACE('',(#836),#763,.T.);
#838=CARTESIAN_POINT('',(0.,-0.,7.));
#839=DIRECTION('',(0.,0.,-1.));
#840=DIRECTION('',(-1.,0.,0.));
#841=AXIS2_PLACEMENT_3D('',#838,#839,#840);
#842=CYLINDRICAL_SURFACE('',#841,19.43);
#843=CARTESIAN_POINT('',(-19.43,-0.,7.));
#844=VERTEX_POINT('',#843);
#845=CARTESIAN_POINT('',(-19.43,-0.,3.6));
#846=DIRECTION('',(-0.,-0.,1.));
#847=VECTOR('',#846,3.4);
#848=LINE('',#845,#847);
#849=EDGE_CURVE('',#767,#844,#848,.T.);
#850=ORIENTED_EDGE('',*,*,#849,.F.);
#851=ORIENTED_EDGE('',*,*,#773,.F.);
#852=CARTESIAN_POINT('',(19.421192977,0.584947316,2.));
#853=VERTEX_POINT('',#852);
#854=CARTESIAN_POINT('',(19.421192977,0.584947316,3.6));
#855=DIRECTION('',(0.,0.,-1.));
#856=VECTOR('',#855,1.6);
#857=LINE('',#854,#856);
#858=EDGE_CURVE('',#765,#853,#857,.T.);
#859=ORIENTED_EDGE('',*,*,#858,.T.);
#860=CARTESIAN_POINT('',(19.421192977,-0.584947316,2.));
#861=VERTEX_POINT('',#860);
#862=CARTESIAN_POINT('',(0.,-0.,2.));
#863=DIRECTION('',(0.,0.,1.));
#864=DIRECTION('',(1.,0.,-0.));
#865=AXIS2_PLACEMENT_3D('',#862,#863,#864);
#866=CIRCLE('',#865,19.43);
#867=EDGE_CURVE('',#861,#853,#866,.T.);
#868=ORIENTED_EDGE('',*,*,#867,.F.);
#869=CARTESIAN_POINT('',(19.421192977,-0.584947316,2.));
#870=DIRECTION('',(-0.,-0.,1.));
#871=VECTOR('',#870,1.6);
#872=LINE('',#869,#871);
#873=EDGE_CURVE('',#861,#776,#872,.T.);
#874=ORIENTED_EDGE('',*,*,#873,.T.);
#875=ORIENTED_EDGE('',*,*,#782,.F.);
#876=ORIENTED_EDGE('',*,*,#849,.T.);
#877=CARTESIAN_POINT('',(19.398837594,-1.1,7.));
#878=VERTEX_POINT('',#877);
#879=CARTESIAN_POINT('',(0.,-0.,7.));
#880=DIRECTION('',(0.,0.,1.));
#881=DIRECTION('',(0.998396171,-0.056613484,0.));
#882=AXIS2_PLACEMENT_3D('',#879,#880,#881);
#883=CIRCLE('',#882,19.43);
#884=EDGE_CURVE('',#844,#878,#883,.T.);
#885=ORIENTED_EDGE('',*,*,#884,.T.);
#886=CARTESIAN_POINT('',(0.,-0.,7.));
#887=DIRECTION('',(0.,0.,1.));
#888=DIRECTION('',(0.998396171,-0.056613484,0.));
#889=AXIS2_PLACEMENT_3D('',#886,#887,#888);
#890=CIRCLE('',#889,19.43);
#891=EDGE_CURVE('',#878,#844,#890,.T.);
#892=ORIENTED_EDGE('',*,*,#891,.T.);
#893=EDGE_LOOP('',(#850,#851,#859,#868,#874,#875,#876,#885,#892));
#894=FACE_BOUND('',#893,.T.);
#895=ADVANCED_FACE('',(#894),#842,.F.);
#896=CARTESIAN_POINT('',(32.884467345,-17.960390114,6.));
#897=DIRECTION('',(0.,-1.,0.));
#898=DIRECTION('',(0.,0.,-1.));
#899=AXIS2_PLACEMENT_3D('',#896,#897,#898);
#900=PLANE('',#899);
#901=CARTESIAN_POINT('',(43.,-17.960390114,3.6));
#902=DIRECTION('',(0.,0.,-1.));
#903=VECTOR('',#902,3.6);
#904=LINE('',#901,#903);
#905=EDGE_CURVE('',#700,#303,#904,.T.);
#906=ORIENTED_EDGE('',*,*,#905,.T.);
#907=ORIENTED_EDGE('',*,*,#308,.T.);
#908=CARTESIAN_POINT('',(22.768934691,-17.960390114,3.6));
#909=DIRECTION('',(0.,0.,-1.));
#910=VECTOR('',#909,3.6);
#911=LINE('',#908,#910);
#912=EDGE_CURVE('',#702,#295,#911,.T.);
#913=ORIENTED_EDGE('',*,*,#912,.F.);
#914=ORIENTED_EDGE('',*,*,#707,.F.);
#915=EDGE_LOOP('',(#906,#907,#913,#914));
#916=FACE_BOUND('',#915,.T.);
#917=ADVANCED_FACE('',(#916),#900,.F.);
#918=CARTESIAN_POINT('',(32.884467345,18.360390114,6.));
#919=DIRECTION('',(-0.,1.,0.));
#920=DIRECTION('',(-1.,-0.,0.));
#921=AXIS2_PLACEMENT_3D('',#918,#919,#920);
#922=PLANE('',#921);
#923=CARTESIAN_POINT('',(28.729245608,18.360390114,2.59702702));
#924=VERTEX_POINT('',#923);
#925=CARTESIAN_POINT('',(30.324645608,18.360390114,4.19242702));
#926=VERTEX_POINT('',#925);
#927=CARTESIAN_POINT('',(30.324645608,18.360390114,2.59702702));
#928=DIRECTION('',(-0.,1.,0.));
#929=DIRECTION('',(-1.,-0.,0.));
#930=AXIS2_PLACEMENT_3D('',#927,#928,#929);
#931=CIRCLE('',#930,1.5954);
#932=EDGE_CURVE('',#924,#926,#931,.T.);
#933=ORIENTED_EDGE('',*,*,#932,.T.);
#934=CARTESIAN_POINT('',(36.673845608,18.360390114,4.19242702));
#935=VERTEX_POINT('',#934);
#936=CARTESIAN_POINT('',(30.324645608,18.360390114,4.19242702));
#937=DIRECTION('',(1.,0.,0.));
#938=VECTOR('',#937,6.3492);
#939=LINE('',#936,#938);
#940=EDGE_CURVE('',#926,#935,#939,.T.);
#941=ORIENTED_EDGE('',*,*,#940,.T.);
#942=CARTESIAN_POINT('',(38.269245608,18.360390114,2.59702702));
#943=VERTEX_POINT('',#942);
#944=CARTESIAN_POINT('',(36.673845608,18.360390114,2.59702702));
#945=DIRECTION('',(-0.,1.,0.));
#946=DIRECTION('',(-1.,-0.,0.));
#947=AXIS2_PLACEMENT_3D('',#944,#945,#946);
#948=CIRCLE('',#947,1.5954);
#949=EDGE_CURVE('',#935,#943,#948,.T.);
#950=ORIENTED_EDGE('',*,*,#949,.T.);
#951=CARTESIAN_POINT('',(38.269245608,18.360390114,2.02782702));
#952=VERTEX_POINT('',#951);
#953=CARTESIAN_POINT('',(38.269245608,18.360390114,2.59702702));
#954=DIRECTION('',(0.,0.,-1.));
#955=VECTOR('',#954,0.5692);
#956=LINE('',#953,#955);
#957=EDGE_CURVE('',#943,#952,#956,.T.);
#958=ORIENTED_EDGE('',*,*,#957,.T.);
#959=CARTESIAN_POINT('',(36.673845608,18.360390114,0.43242702));
#960=VERTEX_POINT('',#959);
#961=CARTESIAN_POINT('',(36.673845608,18.360390114,2.02782702));
#962=DIRECTION('',(-0.,1.,0.));
#963=DIRECTION('',(-1.,-0.,0.));
#964=AXIS2_PLACEMENT_3D('',#961,#962,#963);
#965=CIRCLE('',#964,1.5954);
#966=EDGE_CURVE('',#952,#960,#965,.T.);
#967=ORIENTED_EDGE('',*,*,#966,.T.);
#968=CARTESIAN_POINT('',(30.324645608,18.360390114,0.43242702));
#969=VERTEX_POINT('',#968);
#970=CARTESIAN_POINT('',(30.324645608,18.360390114,0.43242702));
#971=DIRECTION('',(1.,0.,-0.));
#972=VECTOR('',#971,6.3492);
#973=LINE('',#970,#972);
#974=EDGE_CURVE('',#969,#960,#973,.T.);
#975=ORIENTED_EDGE('',*,*,#974,.F.);
#976=CARTESIAN_POINT('',(28.729245608,18.360390114,2.02782702));
#977=VERTEX_POINT('',#976);
#978=CARTESIAN_POINT('',(30.324645608,18.360390114,2.02782702));
#979=DIRECTION('',(-0.,1.,0.));
#980=DIRECTION('',(-1.,-0.,0.));
#981=AXIS2_PLACEMENT_3D('',#978,#979,#980);
#982=CIRCLE('',#981,1.5954);
#983=EDGE_CURVE('',#969,#977,#982,.T.);
#984=ORIENTED_EDGE('',*,*,#983,.T.);
#985=CARTESIAN_POINT('',(28.729245608,18.360390114,2.02782702));
#986=DIRECTION('',(0.,0.,1.));
#987=VECTOR('',#986,0.5692);
#988=LINE('',#985,#987);
#989=EDGE_CURVE('',#977,#924,#988,.T.);
#990=ORIENTED_EDGE('',*,*,#989,.T.);
#991=EDGE_LOOP('',(#933,#941,#950,#958,#967,#975,#984,#990));
#992=FACE_BOUND('',#991,.T.);
#993=CARTESIAN_POINT('',(22.768934691,18.360390114,3.6));
#994=DIRECTION('',(0.,0.,-1.));
#995=VECTOR('',#994,3.6);
#996=LINE('',#993,#995);
#997=EDGE_CURVE('',#710,#319,#996,.T.);
#998=ORIENTED_EDGE('',*,*,#997,.T.);
#999=ORIENTED_EDGE('',*,*,#324,.T.);
#1000=CARTESIAN_POINT('',(43.,18.360390114,5.1));
#1001=VERTEX_POINT('',#1000);
#1002=CARTESIAN_POINT('',(43.,18.360390114,5.1));
#1003=DIRECTION('',(0.,0.,-1.));
#1004=VECTOR('',#1003,5.1);
#1005=LINE('',#1002,#1004);
#1006=EDGE_CURVE('',#1001,#311,#1005,.T.);
#1007=ORIENTED_EDGE('',*,*,#1006,.F.);
#1008=CARTESIAN_POINT('',(40.517293816,18.360390114,5.1));
#1009=VERTEX_POINT('',#1008);
#1010=CARTESIAN_POINT('',(40.517293816,18.360390114,5.1));
#1011=DIRECTION('',(1.,0.,0.));
#1012=VECTOR('',#1011,2.482706184);
#1013=LINE('',#1010,#1012);
#1014=EDGE_CURVE('',#1009,#1001,#1013,.T.);
#1015=ORIENTED_EDGE('',*,*,#1014,.F.);
#1016=CARTESIAN_POINT('',(40.517293816,18.360390114,6.));
#1017=VERTEX_POINT('',#1016);
#1018=CARTESIAN_POINT('',(40.517293816,18.360390114,5.1));
#1019=DIRECTION('',(0.,0.,1.));
#1020=VECTOR('',#1019,0.9);
#1021=LINE('',#1018,#1020);
#1022=EDGE_CURVE('',#1009,#1017,#1021,.T.);
#1023=ORIENTED_EDGE('',*,*,#1022,.T.);
#1024=CARTESIAN_POINT('',(26.985283941,18.360390114,6.));
#1025=VERTEX_POINT('',#1024);
#1026=CARTESIAN_POINT('',(26.985283941,18.360390114,6.));
#1027=DIRECTION('',(1.,0.,0.));
#1028=VECTOR('',#1027,13.532009875);
#1029=LINE('',#1026,#1028);
#1030=EDGE_CURVE('',#1025,#1017,#1029,.T.);
#1031=ORIENTED_EDGE('',*,*,#1030,.F.);
#1032=CARTESIAN_POINT('',(26.985283941,18.360390114,5.1));
#1033=VERTEX_POINT('',#1032);
#1034=CARTESIAN_POINT('',(26.985283941,18.360390114,5.1));
#1035=DIRECTION('',(0.,0.,1.));
#1036=VECTOR('',#1035,0.9);
#1037=LINE('',#1034,#1036);
#1038=EDGE_CURVE('',#1033,#1025,#1037,.T.);
#1039=ORIENTED_EDGE('',*,*,#1038,.F.);
#1040=CARTESIAN_POINT('',(24.199245608,18.360390114,5.1));
#1041=VERTEX_POINT('',#1040);
#1042=CARTESIAN_POINT('',(24.199245608,18.360390114,5.1));
#1043=DIRECTION('',(1.,0.,0.));
#1044=VECTOR('',#1043,2.786038333);
#1045=LINE('',#1042,#1044);
#1046=EDGE_CURVE('',#1041,#1033,#1045,.T.);
#1047=ORIENTED_EDGE('',*,*,#1046,.F.);
#1048=CARTESIAN_POINT('',(24.199245608,18.360390114,3.6));
#1049=DIRECTION('',(0.,0.,1.));
#1050=VECTOR('',#1049,1.5);
#1051=LINE('',#1048,#1050);
#1052=EDGE_CURVE('',#718,#1041,#1051,.T.);
#1053=ORIENTED_EDGE('',*,*,#1052,.F.);
#1054=ORIENTED_EDGE('',*,*,#723,.F.);
#1055=EDGE_LOOP('',(#998,#999,#1007,#1015,#1023,#1031,#1039,#1047,#1053,#1054));
#1056=FACE_BOUND('',#1055,.T.);
#1057=ADVANCED_FACE('',(#992,#1056),#922,.F.);
#1058=CARTESIAN_POINT('',(43.,0.,6.));
#1059=DIRECTION('',(-1.,-0.,0.));
#1060=DIRECTION('',(0.,-1.,0.));
#1061=AXIS2_PLACEMENT_3D('',#1058,#1059,#1060);
#1062=PLANE('',#1061);
#1063=ORIENTED_EDGE('',*,*,#1006,.T.);
#1064=ORIENTED_EDGE('',*,*,#316,.F.);
#1065=ORIENTED_EDGE('',*,*,#905,.F.);
#1066=ORIENTED_EDGE('',*,*,#754,.T.);
#1067=CARTESIAN_POINT('',(43.,-5.940890114,5.1));
#1068=VERTEX_POINT('',#1067);
#1069=CARTESIAN_POINT('',(43.,-5.940890114,3.6));
#1070=DIRECTION('',(0.,0.,1.));
#1071=VECTOR('',#1070,1.5);
#1072=LINE('',#1069,#1071);
#1073=EDGE_CURVE('',#743,#1068,#1072,.T.);
#1074=ORIENTED_EDGE('',*,*,#1073,.T.);
#1075=CARTESIAN_POINT('',(43.,-5.940890114,5.1));
#1076=DIRECTION('',(-0.,1.,0.));
#1077=VECTOR('',#1076,24.301280228);
#1078=LINE('',#1075,#1077);
#1079=EDGE_CURVE('',#1068,#1001,#1078,.T.);
#1080=ORIENTED_EDGE('',*,*,#1079,.T.);
#1081=EDGE_LOOP('',(#1063,#1064,#1065,#1066,#1074,#1080));
#1082=FACE_BOUND('',#1081,.T.);
#1083=ADVANCED_FACE('',(#1082),#1062,.T.);
#1084=CARTESIAN_POINT('',(19.969702386,-1.1,5.4));
#1085=DIRECTION('',(0.,-1.,0.));
#1086=DIRECTION('',(0.,0.,-1.));
#1087=AXIS2_PLACEMENT_3D('',#1084,#1085,#1086);
#1088=PLANE('',#1087);
#1089=CARTESIAN_POINT('',(20.540567178,-1.1,2.));
#1090=VERTEX_POINT('',#1089);
#1091=CARTESIAN_POINT('',(20.540567178,-1.1,3.6));
#1092=DIRECTION('',(0.,0.,-1.));
#1093=VECTOR('',#1092,1.6);
#1094=LINE('',#1091,#1093);
#1095=EDGE_CURVE('',#803,#1090,#1094,.T.);
#1096=ORIENTED_EDGE('',*,*,#1095,.F.);
#1097=ORIENTED_EDGE('',*,*,#808,.T.);
#1098=CARTESIAN_POINT('',(19.920966342,-1.1,2.));
#1099=VERTEX_POINT('',#1098);
#1100=CARTESIAN_POINT('',(19.920966342,-1.1,3.6));
#1101=DIRECTION('',(0.,0.,-1.));
#1102=VECTOR('',#1101,1.6);
#1103=LINE('',#1100,#1102);
#1104=EDGE_CURVE('',#794,#1099,#1103,.T.);
#1105=ORIENTED_EDGE('',*,*,#1104,.T.);
#1106=CARTESIAN_POINT('',(20.540567178,-1.1,2.));
#1107=DIRECTION('',(-1.,0.,0.));
#1108=VECTOR('',#1107,0.619600836);
#1109=LINE('',#1106,#1108);
#1110=EDGE_CURVE('',#1090,#1099,#1109,.T.);
#1111=ORIENTED_EDGE('',*,*,#1110,.F.);
#1112=EDGE_LOOP('',(#1096,#1097,#1105,#1111));
#1113=FACE_BOUND('',#1112,.T.);
#1114=ADVANCED_FACE('',(#1113),#1088,.T.);
#1115=CARTESIAN_POINT('',(0.,0.,6.));
#1116=DIRECTION('',(0.,0.,1.));
#1117=DIRECTION('',(1.,0.,0.));
#1118=AXIS2_PLACEMENT_3D('',#1115,#1116,#1117);
#1119=PLANE('',#1118);
#1120=CARTESIAN_POINT('',(26.985283941,-2.712797165,6.));
#1121=VERTEX_POINT('',#1120);
#1122=CARTESIAN_POINT('',(26.985283941,18.360390114,6.));
#1123=DIRECTION('',(0.,-1.,0.));
#1124=VECTOR('',#1123,21.073187279);
#1125=LINE('',#1122,#1124);
#1126=EDGE_CURVE('',#1025,#1121,#1125,.T.);
#1127=ORIENTED_EDGE('',*,*,#1126,.F.);
#1128=ORIENTED_EDGE('',*,*,#1030,.T.);
#1129=CARTESIAN_POINT('',(40.517293816,-2.712797165,6.));
#1130=VERTEX_POINT('',#1129);
#1131=CARTESIAN_POINT('',(40.517293816,-2.712797165,6.));
#1132=DIRECTION('',(0.,1.,0.));
#1133=VECTOR('',#1132,21.073187279);
#1134=LINE('',#1131,#1133);
#1135=EDGE_CURVE('',#1130,#1017,#1134,.T.);
#1136=ORIENTED_EDGE('',*,*,#1135,.F.);
#1137=CARTESIAN_POINT('',(26.985283941,-2.712797165,6.));
#1138=DIRECTION('',(1.,0.,-0.));
#1139=VECTOR('',#1138,13.532009875);
#1140=LINE('',#1137,#1139);
#1141=EDGE_CURVE('',#1121,#1130,#1140,.T.);
#1142=ORIENTED_EDGE('',*,*,#1141,.F.);
#1143=EDGE_LOOP('',(#1127,#1128,#1136,#1142));
#1144=FACE_BOUND('',#1143,.T.);
#1145=ADVANCED_FACE('',(#1144),#1119,.F.);
#1146=CARTESIAN_POINT('',(0.,0.,2.));
#1147=DIRECTION('',(0.,0.,1.));
#1148=DIRECTION('',(1.,0.,0.));
#1149=AXIS2_PLACEMENT_3D('',#1146,#1147,#1148);
#1150=PLANE('',#1149);
#1151=CARTESIAN_POINT('',(0.,-0.,2.));
#1152=DIRECTION('',(0.,0.,1.));
#1153=DIRECTION('',(1.,0.,-0.));
#1154=AXIS2_PLACEMENT_3D('',#1151,#1152,#1153);
#1155=CIRCLE('',#1154,20.57);
#1156=EDGE_CURVE('',#638,#1090,#1155,.T.);
#1157=ORIENTED_EDGE('',*,*,#1156,.T.);
#1158=ORIENTED_EDGE('',*,*,#1110,.T.);
#1159=CARTESIAN_POINT('',(19.420966342,-0.6,2.));
#1160=VERTEX_POINT('',#1159);
#1161=CARTESIAN_POINT('',(19.920966342,-0.6,2.));
#1162=DIRECTION('',(-0.,-0.,-1.));
#1163=DIRECTION('',(1.,0.,-0.));
#1164=AXIS2_PLACEMENT_3D('',#1161,#1162,#1163);
#1165=CIRCLE('',#1164,0.5);
#1166=EDGE_CURVE('',#1099,#1160,#1165,.T.);
#1167=ORIENTED_EDGE('',*,*,#1166,.T.);
#1168=CARTESIAN_POINT('',(19.920966342,-0.6,2.));
#1169=DIRECTION('',(-0.,-0.,-1.));
#1170=DIRECTION('',(1.,0.,-0.));
#1171=AXIS2_PLACEMENT_3D('',#1168,#1169,#1170);
#1172=CIRCLE('',#1171,0.5);
#1173=EDGE_CURVE('',#1160,#861,#1172,.T.);
#1174=ORIENTED_EDGE('',*,*,#1173,.T.);
#1175=ORIENTED_EDGE('',*,*,#867,.T.);
#1176=CARTESIAN_POINT('',(19.420966342,0.6,2.));
#1177=VERTEX_POINT('',#1176);
#1178=CARTESIAN_POINT('',(19.920966342,0.6,2.));
#1179=DIRECTION('',(-0.,-0.,-1.));
#1180=DIRECTION('',(1.,0.,-0.));
#1181=AXIS2_PLACEMENT_3D('',#1178,#1179,#1180);
#1182=CIRCLE('',#1181,0.5);
#1183=EDGE_CURVE('',#853,#1177,#1182,.T.);
#1184=ORIENTED_EDGE('',*,*,#1183,.T.);
#1185=CARTESIAN_POINT('',(19.920966342,0.6,2.));
#1186=DIRECTION('',(-0.,-0.,-1.));
#1187=DIRECTION('',(1.,0.,-0.));
#1188=AXIS2_PLACEMENT_3D('',#1185,#1186,#1187);
#1189=CIRCLE('',#1188,0.5);
#1190=EDGE_CURVE('',#1177,#678,#1189,.T.);
#1191=ORIENTED_EDGE('',*,*,#1190,.T.);
#1192=ORIENTED_EDGE('',*,*,#683,.T.);
#1193=ORIENTED_EDGE('',*,*,#164,.T.);
#1194=ORIENTED_EDGE('',*,*,#626,.T.);
#1195=CARTESIAN_POINT('',(22.768934691,12.965203444,2.));
#1196=VERTEX_POINT('',#1195);
#1197=CARTESIAN_POINT('',(19.768934691,12.965203444,2.));
#1198=DIRECTION('',(0.,0.,1.));
#1199=DIRECTION('',(1.,0.,-0.));
#1200=AXIS2_PLACEMENT_3D('',#1197,#1198,#1199);
#1201=CIRCLE('',#1200,3.);
#1202=EDGE_CURVE('',#615,#1196,#1201,.T.);
#1203=ORIENTED_EDGE('',*,*,#1202,.T.);
#1204=CARTESIAN_POINT('',(22.768934691,-12.965203444,2.));
#1205=VERTEX_POINT('',#1204);
#1206=CARTESIAN_POINT('',(22.768934691,12.965203444,2.));
#1207=DIRECTION('',(-0.,-1.,0.));
#1208=VECTOR('',#1207,25.930406888);
#1209=LINE('',#1206,#1208);
#1210=EDGE_CURVE('',#1196,#1205,#1209,.T.);
#1211=ORIENTED_EDGE('',*,*,#1210,.T.);
#1212=CARTESIAN_POINT('',(19.768934691,-12.965203444,2.));
#1213=DIRECTION('',(0.,0.,1.));
#1214=DIRECTION('',(1.,0.,-0.));
#1215=AXIS2_PLACEMENT_3D('',#1212,#1213,#1214);
#1216=CIRCLE('',#1215,3.);
#1217=EDGE_CURVE('',#1205,#640,#1216,.T.);
#1218=ORIENTED_EDGE('',*,*,#1217,.T.);
#1219=ORIENTED_EDGE('',*,*,#645,.F.);
#1220=EDGE_LOOP('',(#1157,#1158,#1167,#1174,#1175,#1184,#1191,#1192,#1193,#1194,#1203,#1211,#1218,#1219));
#1221=FACE_BOUND('',#1220,.T.);
#1222=ADVANCED_FACE('',(#1221),#1150,.F.);
#1223=CARTESIAN_POINT('',(34.518826295,19.960390114,7.));
#1224=DIRECTION('',(-0.,1.,0.));
#1225=DIRECTION('',(-1.,-0.,0.));
#1226=AXIS2_PLACEMENT_3D('',#1223,#1224,#1225);
#1227=PLANE('',#1226);
#1228=CARTESIAN_POINT('',(23.086336335,19.960390114,5.5));
#1229=VERTEX_POINT('',#1228);
#1230=CARTESIAN_POINT('',(23.086336335,19.960390114,0.));
#1231=DIRECTION('',(-0.,-0.,1.));
#1232=VECTOR('',#1231,5.5);
#1233=LINE('',#1230,#1232);
#1234=EDGE_CURVE('',#405,#1229,#1233,.T.);
#1235=ORIENTED_EDGE('',*,*,#1234,.T.);
#1236=CARTESIAN_POINT('',(45.,19.960390114,5.5));
#1237=VERTEX_POINT('',#1236);
#1238=CARTESIAN_POINT('',(23.086336335,19.960390114,5.5));
#1239=DIRECTION('',(1.,0.,0.));
#1240=VECTOR('',#1239,21.913663665);
#1241=LINE('',#1238,#1240);
#1242=EDGE_CURVE('',#1229,#1237,#1241,.T.);
#1243=ORIENTED_EDGE('',*,*,#1242,.T.);
#1244=CARTESIAN_POINT('',(45.,19.960390114,5.5));
#1245=DIRECTION('',(0.,0.,-1.));
#1246=VECTOR('',#1245,5.5);
#1247=LINE('',#1244,#1246);
#1248=EDGE_CURVE('',#1237,#446,#1247,.T.);
#1249=ORIENTED_EDGE('',*,*,#1248,.T.);
#1250=ORIENTED_EDGE('',*,*,#451,.F.);
#1251=CARTESIAN_POINT('',(38.769245608,19.960390114,2.02782702));
#1252=VERTEX_POINT('',#1251);
#1253=CARTESIAN_POINT('',(36.673845608,19.960390114,2.02782702));
#1254=DIRECTION('',(0.,-1.,-0.));
#1255=DIRECTION('',(-1.,-0.,0.));
#1256=AXIS2_PLACEMENT_3D('',#1253,#1254,#1255);
#1257=CIRCLE('',#1256,2.0954);
#1258=EDGE_CURVE('',#438,#1252,#1257,.T.);
#1259=ORIENTED_EDGE('',*,*,#1258,.T.);
#1260=CARTESIAN_POINT('',(38.769245608,19.960390114,2.59702702));
#1261=VERTEX_POINT('',#1260);
#1262=CARTESIAN_POINT('',(38.769245608,19.960390114,2.02782702));
#1263=DIRECTION('',(-0.,-0.,1.));
#1264=VECTOR('',#1263,0.5692);
#1265=LINE('',#1262,#1264);
#1266=EDGE_CURVE('',#1252,#1261,#1265,.T.);
#1267=ORIENTED_EDGE('',*,*,#1266,.T.);
#1268=CARTESIAN_POINT('',(36.673845608,19.960390114,4.69242702));
#1269=VERTEX_POINT('',#1268);
#1270=CARTESIAN_POINT('',(36.673845608,19.960390114,2.59702702));
#1271=DIRECTION('',(0.,-1.,-0.));
#1272=DIRECTION('',(-1.,-0.,0.));
#1273=AXIS2_PLACEMENT_3D('',#1270,#1271,#1272);
#1274=CIRCLE('',#1273,2.0954);
#1275=EDGE_CURVE('',#1261,#1269,#1274,.T.);
#1276=ORIENTED_EDGE('',*,*,#1275,.T.);
#1277=CARTESIAN_POINT('',(30.324645608,19.960390114,4.69242702));
#1278=VERTEX_POINT('',#1277);
#1279=CARTESIAN_POINT('',(36.673845608,19.960390114,4.69242702));
#1280=DIRECTION('',(-1.,-0.,-0.));
#1281=VECTOR('',#1280,6.3492);
#1282=LINE('',#1279,#1281);
#1283=EDGE_CURVE('',#1269,#1278,#1282,.T.);
#1284=ORIENTED_EDGE('',*,*,#1283,.T.);
#1285=CARTESIAN_POINT('',(28.229245608,19.960390114,2.59702702));
#1286=VERTEX_POINT('',#1285);
#1287=CARTESIAN_POINT('',(30.324645608,19.960390114,2.59702702));
#1288=DIRECTION('',(0.,-1.,-0.));
#1289=DIRECTION('',(-1.,-0.,0.));
#1290=AXIS2_PLACEMENT_3D('',#1287,#1288,#1289);
#1291=CIRCLE('',#1290,2.0954);
#1292=EDGE_CURVE('',#1278,#1286,#1291,.T.);
#1293=ORIENTED_EDGE('',*,*,#1292,.T.);
#1294=CARTESIAN_POINT('',(28.229245608,19.960390114,2.02782702));
#1295=VERTEX_POINT('',#1294);
#1296=CARTESIAN_POINT('',(28.229245608,19.960390114,2.59702702));
#1297=DIRECTION('',(-0.,-0.,-1.));
#1298=VECTOR('',#1297,0.5692);
#1299=LINE('',#1296,#1298);
#1300=EDGE_CURVE('',#1286,#1295,#1299,.T.);
#1301=ORIENTED_EDGE('',*,*,#1300,.T.);
#1302=CARTESIAN_POINT('',(30.324645608,19.960390114,2.02782702));
#1303=DIRECTION('',(0.,-1.,-0.));
#1304=DIRECTION('',(-1.,-0.,0.));
#1305=AXIS2_PLACEMENT_3D('',#1302,#1303,#1304);
#1306=CIRCLE('',#1305,2.0954);
#1307=EDGE_CURVE('',#1295,#414,#1306,.T.);
#1308=ORIENTED_EDGE('',*,*,#1307,.T.);
#1309=ORIENTED_EDGE('',*,*,#419,.F.);
#1310=EDGE_LOOP('',(#1235,#1243,#1249,#1250,#1259,#1267,#1276,#1284,#1293,#1301,#1308,#1309));
#1311=FACE_BOUND('',#1310,.T.);
#1312=ADVANCED_FACE('',(#1311),#1227,.T.);
#1313=CARTESIAN_POINT('',(0.,0.,7.));
#1314=DIRECTION('',(0.,0.,-1.));
#1315=DIRECTION('',(-1.,0.,0.));
#1316=AXIS2_PLACEMENT_3D('',#1313,#1314,#1315);
#1317=CYLINDRICAL_SURFACE('',#1316,29.);
#1318=CARTESIAN_POINT('',(-29.,0.,5.5));
#1319=VERTEX_POINT('',#1318);
#1320=CARTESIAN_POINT('',(-29.,0.,0.));
#1321=DIRECTION('',(-0.,-0.,1.));
#1322=VECTOR('',#1321,5.5);
#1323=LINE('',#1320,#1322);
#1324=EDGE_CURVE('',#387,#1319,#1323,.T.);
#1325=ORIENTED_EDGE('',*,*,#1324,.T.);
#1326=CARTESIAN_POINT('',(19.691286874,21.289744509,5.5));
#1327=VERTEX_POINT('',#1326);
#1328=CARTESIAN_POINT('',(0.,0.,5.5));
#1329=DIRECTION('',(-0.,-0.,-1.));
#1330=DIRECTION('',(1.,0.,-0.));
#1331=AXIS2_PLACEMENT_3D('',#1328,#1329,#1330);
#1332=CIRCLE('',#1331,29.);
#1333=EDGE_CURVE('',#1319,#1327,#1332,.T.);
#1334=ORIENTED_EDGE('',*,*,#1333,.T.);
#1335=CARTESIAN_POINT('',(19.691286874,21.289744509,5.5));
#1336=DIRECTION('',(0.,0.,-1.));
#1337=VECTOR('',#1336,5.5);
#1338=LINE('',#1335,#1337);
#1339=EDGE_CURVE('',#1327,#396,#1338,.T.);
#1340=ORIENTED_EDGE('',*,*,#1339,.T.);
#1341=ORIENTED_EDGE('',*,*,#402,.T.);
#1342=EDGE_LOOP('',(#1325,#1334,#1340,#1341));
#1343=FACE_BOUND('',#1342,.T.);
#1344=ADVANCED_FACE('',(#1343),#1317,.T.);
#1345=CARTESIAN_POINT('',(34.518826295,-19.960390114,7.));
#1346=DIRECTION('',(-0.,-1.,0.));
#1347=DIRECTION('',(1.,-0.,0.));
#1348=AXIS2_PLACEMENT_3D('',#1345,#1346,#1347);
#1349=PLANE('',#1348);
#1350=CARTESIAN_POINT('',(45.,-19.960390114,5.5));
#1351=VERTEX_POINT('',#1350);
#1352=CARTESIAN_POINT('',(45.,-19.960390114,0.));
#1353=DIRECTION('',(-0.,-0.,1.));
#1354=VECTOR('',#1353,5.5);
#1355=LINE('',#1352,#1354);
#1356=EDGE_CURVE('',#471,#1351,#1355,.T.);
#1357=ORIENTED_EDGE('',*,*,#1356,.T.);
#1358=CARTESIAN_POINT('',(23.086336335,-19.960390114,5.5));
#1359=VERTEX_POINT('',#1358);
#1360=CARTESIAN_POINT('',(45.,-19.960390114,5.5));
#1361=DIRECTION('',(-1.,0.,0.));
#1362=VECTOR('',#1361,21.913663665);
#1363=LINE('',#1360,#1362);
#1364=EDGE_CURVE('',#1351,#1359,#1363,.T.);
#1365=ORIENTED_EDGE('',*,*,#1364,.T.);
#1366=CARTESIAN_POINT('',(23.086336335,-19.960390114,5.5));
#1367=DIRECTION('',(0.,0.,-1.));
#1368=VECTOR('',#1367,5.5);
#1369=LINE('',#1366,#1368);
#1370=EDGE_CURVE('',#1359,#376,#1369,.T.);
#1371=ORIENTED_EDGE('',*,*,#1370,.T.);
#1372=ORIENTED_EDGE('',*,*,#483,.F.);
#1373=EDGE_LOOP('',(#1357,#1365,#1371,#1372));
#1374=FACE_BOUND('',#1373,.T.);
#1375=ADVANCED_FACE('',(#1374),#1349,.T.);
#1376=CARTESIAN_POINT('',(-8.584697514,-23.015605088,7.));
#1377=DIRECTION('',(0.,0.,-1.));
#1378=DIRECTION('',(-1.,0.,0.));
#1379=AXIS2_PLACEMENT_3D('',#1376,#1377,#1378);
#1380=CYLINDRICAL_SURFACE('',#1379,1.85);
#1381=CARTESIAN_POINT('',(-10.434697514,-23.015605088,6.5));
#1382=VERTEX_POINT('',#1381);
#1383=CARTESIAN_POINT('',(-10.434697514,-23.015605088,7.));
#1384=VERTEX_POINT('',#1383);
#1385=CARTESIAN_POINT('',(-10.434697514,-23.015605088,6.5));
#1386=DIRECTION('',(-0.,-0.,1.));
#1387=VECTOR('',#1386,0.5);
#1388=LINE('',#1385,#1387);
#1389=EDGE_CURVE('',#1382,#1384,#1388,.T.);
#1390=ORIENTED_EDGE('',*,*,#1389,.F.);
#1391=CARTESIAN_POINT('',(-6.734697514,-23.015605088,6.5));
#1392=VERTEX_POINT('',#1391);
#1393=CARTESIAN_POINT('',(-8.584697514,-23.015605088,6.5));
#1394=DIRECTION('',(0.,0.,1.));
#1395=DIRECTION('',(1.,0.,-0.));
#1396=AXIS2_PLACEMENT_3D('',#1393,#1394,#1395);
#1397=CIRCLE('',#1396,1.85);
#1398=EDGE_CURVE('',#1392,#1382,#1397,.T.);
#1399=ORIENTED_EDGE('',*,*,#1398,.F.);
#1400=CARTESIAN_POINT('',(-8.584697514,-23.015605088,6.5));
#1401=DIRECTION('',(0.,0.,1.));
#1402=DIRECTION('',(1.,0.,-0.));
#1403=AXIS2_PLACEMENT_3D('',#1400,#1401,#1402);
#1404=CIRCLE('',#1403,1.85);
#1405=EDGE_CURVE('',#1382,#1392,#1404,.T.);
#1406=ORIENTED_EDGE('',*,*,#1405,.F.);
#1407=ORIENTED_EDGE('',*,*,#1389,.T.);
#1408=CARTESIAN_POINT('',(-6.734697514,-23.015605088,7.));
#1409=VERTEX_POINT('',#1408);
#1410=CARTESIAN_POINT('',(-8.584697514,-23.015605088,7.));
#1411=DIRECTION('',(0.,0.,1.));
#1412=DIRECTION('',(1.,0.,-0.));
#1413=AXIS2_PLACEMENT_3D('',#1410,#1411,#1412);
#1414=CIRCLE('',#1413,1.85);
#1415=EDGE_CURVE('',#1384,#1409,#1414,.T.);
#1416=ORIENTED_EDGE('',*,*,#1415,.T.);
#1417=CARTESIAN_POINT('',(-8.584697514,-23.015605088,7.));
#1418=DIRECTION('',(0.,0.,1.));
#1419=DIRECTION('',(1.,0.,-0.));
#1420=AXIS2_PLACEMENT_3D('',#1417,#1418,#1419);
#1421=CIRCLE('',#1420,1.85);
#1422=EDGE_CURVE('',#1409,#1384,#1421,.T.);
#1423=ORIENTED_EDGE('',*,*,#1422,.T.);
#1424=EDGE_LOOP('',(#1390,#1399,#1406,#1407,#1416,#1423));
#1425=FACE_BOUND('',#1424,.T.);
#1426=ADVANCED_FACE('',(#1425),#1380,.F.);
#1427=CARTESIAN_POINT('',(48.,0.,7.));
#1428=DIRECTION('',(1.,0.,0.));
#1429=DIRECTION('',(0.,0.,-1.));
#1430=AXIS2_PLACEMENT_3D('',#1427,#1428,#1429);
#1431=PLANE('',#1430);
#1432=CARTESIAN_POINT('',(48.,16.960390114,5.5));
#1433=VERTEX_POINT('',#1432);
#1434=CARTESIAN_POINT('',(48.,16.960390114,0.));
#1435=DIRECTION('',(-0.,-0.,1.));
#1436=VECTOR('',#1435,5.5);
#1437=LINE('',#1434,#1436);
#1438=EDGE_CURVE('',#454,#1433,#1437,.T.);
#1439=ORIENTED_EDGE('',*,*,#1438,.T.);
#1440=CARTESIAN_POINT('',(48.,-16.960390114,5.5));
#1441=VERTEX_POINT('',#1440);
#1442=CARTESIAN_POINT('',(48.,16.960390114,5.5));
#1443=DIRECTION('',(0.,-1.,0.));
#1444=VECTOR('',#1443,33.920780228);
#1445=LINE('',#1442,#1444);
#1446=EDGE_CURVE('',#1433,#1441,#1445,.T.);
#1447=ORIENTED_EDGE('',*,*,#1446,.T.);
#1448=CARTESIAN_POINT('',(48.,-16.960390114,5.5));
#1449=DIRECTION('',(0.,0.,-1.));
#1450=VECTOR('',#1449,5.5);
#1451=LINE('',#1448,#1450);
#1452=EDGE_CURVE('',#1441,#463,#1451,.T.);
#1453=ORIENTED_EDGE('',*,*,#1452,.T.);
#1454=ORIENTED_EDGE('',*,*,#468,.F.);
#1455=EDGE_LOOP('',(#1439,#1447,#1453,#1454));
#1456=FACE_BOUND('',#1455,.T.);
#1457=ADVANCED_FACE('',(#1456),#1431,.T.);
#1458=CARTESIAN_POINT('',(8.584697514,-23.015605088,7.));
#1459=DIRECTION('',(0.,0.,-1.));
#1460=DIRECTION('',(-1.,0.,0.));
#1461=AXIS2_PLACEMENT_3D('',#1458,#1459,#1460);
#1462=CYLINDRICAL_SURFACE('',#1461,1.85);
#1463=CARTESIAN_POINT('',(6.734697514,-23.015605088,6.5));
#1464=VERTEX_POINT('',#1463);
#1465=CARTESIAN_POINT('',(6.734697514,-23.015605088,7.));
#1466=VERTEX_POINT('',#1465);
#1467=CARTESIAN_POINT('',(6.734697514,-23.015605088,6.5));
#1468=DIRECTION('',(-0.,-0.,1.));
#1469=VECTOR('',#1468,0.5);
#1470=LINE('',#1467,#1469);
#1471=EDGE_CURVE('',#1464,#1466,#1470,.T.);
#1472=ORIENTED_EDGE('',*,*,#1471,.F.);
#1473=CARTESIAN_POINT('',(10.434697514,-23.015605088,6.5));
#1474=VERTEX_POINT('',#1473);
#1475=CARTESIAN_POINT('',(8.584697514,-23.015605088,6.5));
#1476=DIRECTION('',(0.,0.,1.));
#1477=DIRECTION('',(1.,0.,-0.));
#1478=AXIS2_PLACEMENT_3D('',#1475,#1476,#1477);
#1479=CIRCLE('',#1478,1.85);
#1480=EDGE_CURVE('',#1474,#1464,#1479,.T.);
#1481=ORIENTED_EDGE('',*,*,#1480,.F.);
#1482=CARTESIAN_POINT('',(8.584697514,-23.015605088,6.5));
#1483=DIRECTION('',(0.,0.,1.));
#1484=DIRECTION('',(1.,0.,-0.));
#1485=AXIS2_PLACEMENT_3D('',#1482,#1483,#1484);
#1486=CIRCLE('',#1485,1.85);
#1487=EDGE_CURVE('',#1464,#1474,#1486,.T.);
#1488=ORIENTED_EDGE('',*,*,#1487,.F.);
#1489=ORIENTED_EDGE('',*,*,#1471,.T.);
#1490=CARTESIAN_POINT('',(10.434697514,-23.015605088,7.));
#1491=VERTEX_POINT('',#1490);
#1492=CARTESIAN_POINT('',(8.584697514,-23.015605088,7.));
#1493=DIRECTION('',(0.,0.,1.));
#1494=DIRECTION('',(1.,0.,-0.));
#1495=AXIS2_PLACEMENT_3D('',#1492,#1493,#1494);
#1496=CIRCLE('',#1495,1.85);
#1497=EDGE_CURVE('',#1466,#1491,#1496,.T.);
#1498=ORIENTED_EDGE('',*,*,#1497,.T.);
#1499=CARTESIAN_POINT('',(8.584697514,-23.015605088,7.));
#1500=DIRECTION('',(0.,0.,1.));
#1501=DIRECTION('',(1.,0.,-0.));
#1502=AXIS2_PLACEMENT_3D('',#1499,#1500,#1501);
#1503=CIRCLE('',#1502,1.85);
#1504=EDGE_CURVE('',#1491,#1466,#1503,.T.);
#1505=ORIENTED_EDGE('',*,*,#1504,.T.);
#1506=EDGE_LOOP('',(#1472,#1481,#1488,#1489,#1498,#1505));
#1507=FACE_BOUND('',#1506,.T.);
#1508=ADVANCED_FACE('',(#1507),#1462,.F.);
#1509=CARTESIAN_POINT('',(0.,0.,7.));
#1510=DIRECTION('',(0.,0.,1.));
#1511=DIRECTION('',(1.,0.,0.));
#1512=AXIS2_PLACEMENT_3D('',#1509,#1510,#1511);
#1513=PLANE('',#1512);
#1514=ORIENTED_EDGE('',*,*,#884,.F.);
#1515=ORIENTED_EDGE('',*,*,#891,.F.);
#1516=EDGE_LOOP('',(#1514,#1515));
#1517=FACE_BOUND('',#1516,.T.);
#1518=CARTESIAN_POINT('',(18.672772036,20.188550827,7.));
#1519=VERTEX_POINT('',#1518);
#1520=CARTESIAN_POINT('',(18.672772036,-20.188550827,7.));
#1521=VERTEX_POINT('',#1520);
#1522=CARTESIAN_POINT('',(0.,0.,7.));
#1523=DIRECTION('',(0.,0.,1.));
#1524=DIRECTION('',(1.,0.,-0.));
#1525=AXIS2_PLACEMENT_3D('',#1522,#1523,#1524);
#1526=CIRCLE('',#1525,27.5);
#1527=EDGE_CURVE('',#1519,#1521,#1526,.T.);
#1528=ORIENTED_EDGE('',*,*,#1527,.T.);
#1529=CARTESIAN_POINT('',(23.086336335,-18.460390114,7.));
#1530=VERTEX_POINT('',#1529);
#1531=CARTESIAN_POINT('',(23.086336335,-24.960390114,7.));
#1532=DIRECTION('',(-0.,-0.,-1.));
#1533=DIRECTION('',(1.,0.,-0.));
#1534=AXIS2_PLACEMENT_3D('',#1531,#1532,#1533);
#1535=CIRCLE('',#1534,6.5);
#1536=EDGE_CURVE('',#1521,#1530,#1535,.T.);
#1537=ORIENTED_EDGE('',*,*,#1536,.T.);
#1538=CARTESIAN_POINT('',(45.,-18.460390114,7.));
#1539=VERTEX_POINT('',#1538);
#1540=CARTESIAN_POINT('',(23.086336335,-18.460390114,7.));
#1541=DIRECTION('',(1.,-0.,-0.));
#1542=VECTOR('',#1541,21.913663665);
#1543=LINE('',#1540,#1542);
#1544=EDGE_CURVE('',#1530,#1539,#1543,.T.);
#1545=ORIENTED_EDGE('',*,*,#1544,.T.);
#1546=CARTESIAN_POINT('',(46.5,-16.960390114,7.));
#1547=VERTEX_POINT('',#1546);
#1548=CARTESIAN_POINT('',(45.,-16.960390114,7.));
#1549=DIRECTION('',(0.,0.,1.));
#1550=DIRECTION('',(1.,0.,-0.));
#1551=AXIS2_PLACEMENT_3D('',#1548,#1549,#1550);
#1552=CIRCLE('',#1551,1.5);
#1553=EDGE_CURVE('',#1539,#1547,#1552,.T.);
#1554=ORIENTED_EDGE('',*,*,#1553,.T.);
#1555=CARTESIAN_POINT('',(46.5,16.960390114,7.));
#1556=VERTEX_POINT('',#1555);
#1557=CARTESIAN_POINT('',(46.5,-16.960390114,7.));
#1558=DIRECTION('',(-0.,1.,-0.));
#1559=VECTOR('',#1558,33.920780228);
#1560=LINE('',#1557,#1559);
#1561=EDGE_CURVE('',#1547,#1556,#1560,.T.);
#1562=ORIENTED_EDGE('',*,*,#1561,.T.);
#1563=CARTESIAN_POINT('',(45.,18.460390114,7.));
#1564=VERTEX_POINT('',#1563);
#1565=CARTESIAN_POINT('',(45.,16.960390114,7.));
#1566=DIRECTION('',(0.,0.,1.));
#1567=DIRECTION('',(1.,0.,-0.));
#1568=AXIS2_PLACEMENT_3D('',#1565,#1566,#1567);
#1569=CIRCLE('',#1568,1.5);
#1570=EDGE_CURVE('',#1556,#1564,#1569,.T.);
#1571=ORIENTED_EDGE('',*,*,#1570,.T.);
#1572=CARTESIAN_POINT('',(23.086336335,18.460390114,7.));
#1573=VERTEX_POINT('',#1572);
#1574=CARTESIAN_POINT('',(45.,18.460390114,7.));
#1575=DIRECTION('',(-1.,-0.,-0.));
#1576=VECTOR('',#1575,21.913663665);
#1577=LINE('',#1574,#1576);
#1578=EDGE_CURVE('',#1564,#1573,#1577,.T.);
#1579=ORIENTED_EDGE('',*,*,#1578,.T.);
#1580=CARTESIAN_POINT('',(23.086336335,24.960390114,7.));
#1581=DIRECTION('',(-0.,-0.,-1.));
#1582=DIRECTION('',(1.,0.,-0.));
#1583=AXIS2_PLACEMENT_3D('',#1580,#1581,#1582);
#1584=CIRCLE('',#1583,6.5);
#1585=EDGE_CURVE('',#1573,#1519,#1584,.T.);
#1586=ORIENTED_EDGE('',*,*,#1585,.T.);
#1587=EDGE_LOOP('',(#1528,#1537,#1545,#1554,#1562,#1571,#1579,#1586));
#1588=FACE_BOUND('',#1587,.T.);
#1589=ORIENTED_EDGE('',*,*,#1415,.F.);
#1590=ORIENTED_EDGE('',*,*,#1422,.F.);
#1591=EDGE_LOOP('',(#1589,#1590));
#1592=FACE_BOUND('',#1591,.T.);
#1593=ORIENTED_EDGE('',*,*,#1497,.F.);
#1594=ORIENTED_EDGE('',*,*,#1504,.F.);
#1595=EDGE_LOOP('',(#1593,#1594));
#1596=FACE_BOUND('',#1595,.T.);
#1597=ADVANCED_FACE('',(#1517,#1588,#1592,#1596),#1513,.T.);
#1598=CARTESIAN_POINT('',(-5.413124298,-24.09431883,6.5));
#1599=DIRECTION('',(0.946738273,-0.322004102,0.));
#1600=DIRECTION('',(0.322004102,0.946738273,0.));
#1601=AXIS2_PLACEMENT_3D('',#1598,#1599,#1600);
#1602=PLANE('',#1601);
#1603=CARTESIAN_POINT('',(-4.270998526,-20.736305144,6.5));
#1604=VERTEX_POINT('',#1603);
#1605=CARTESIAN_POINT('',(-6.55773,-27.459623867,6.5));
#1606=VERTEX_POINT('',#1605);
#1607=CARTESIAN_POINT('',(-4.270998526,-20.736305144,6.5));
#1608=DIRECTION('',(-0.322004102,-0.946738273,0.));
#1609=VECTOR('',#1608,7.101560074);
#1610=LINE('',#1607,#1609);
#1611=EDGE_CURVE('',#1604,#1606,#1610,.T.);
#1612=ORIENTED_EDGE('',*,*,#1611,.F.);
#1613=CARTESIAN_POINT('',(-4.270998526,-20.736305144,6.5));
#1614=DIRECTION('',(-0.,-0.,-1.));
#1615=VECTOR('',#1614,6.5);
#1616=LINE('',#1613,#1615);
#1617=EDGE_CURVE('',#1604,#190,#1616,.T.);
#1618=ORIENTED_EDGE('',*,*,#1617,.T.);
#1619=ORIENTED_EDGE('',*,*,#197,.T.);
#1620=CARTESIAN_POINT('',(-6.55773,-27.459623867,6.5));
#1621=DIRECTION('',(0.,0.,-1.));
#1622=VECTOR('',#1621,6.5);
#1623=LINE('',#1620,#1622);
#1624=EDGE_CURVE('',#1606,#192,#1623,.T.);
#1625=ORIENTED_EDGE('',*,*,#1624,.F.);
#1626=EDGE_LOOP('',(#1612,#1618,#1619,#1625));
#1627=FACE_BOUND('',#1626,.T.);
#1628=ADVANCED_FACE('',(#1627),#1602,.F.);
#1629=CARTESIAN_POINT('',(-7.440091811,-19.650300051,6.5));
#1630=DIRECTION('',(0.322004102,0.946738273,0.));
#1631=DIRECTION('',(-0.946738273,0.322004102,0.));
#1632=AXIS2_PLACEMENT_3D('',#1629,#1630,#1631);
#1633=PLANE('',#1632);
#1634=ORIENTED_EDGE('',*,*,#120,.T.);
#1635=CARTESIAN_POINT('',(-4.268478484,-20.729027435,6.5));
#1636=VERTEX_POINT('',#1635);
#1637=CARTESIAN_POINT('',(-4.268478484,-20.729027435,1.5));
#1638=DIRECTION('',(-0.,-0.,1.));
#1639=VECTOR('',#1638,5.);
#1640=LINE('',#1637,#1639);
#1641=EDGE_CURVE('',#108,#1636,#1640,.T.);
#1642=ORIENTED_EDGE('',*,*,#1641,.T.);
#1643=CARTESIAN_POINT('',(-10.611665027,-18.571586309,6.5));
#1644=DIRECTION('',(0.946738273,-0.322004102,0.));
#1645=VECTOR('',#1644,6.700042368);
#1646=LINE('',#1643,#1645);
#1647=EDGE_CURVE('',#59,#1636,#1646,.T.);
#1648=ORIENTED_EDGE('',*,*,#1647,.F.);
#1649=ORIENTED_EDGE('',*,*,#64,.T.);
#1650=EDGE_LOOP('',(#1634,#1642,#1648,#1649));
#1651=FACE_BOUND('',#1650,.T.);
#1652=ADVANCED_FACE('',(#1651),#1633,.F.);
#1653=CARTESIAN_POINT('',(-9.729303216,-26.380910126,6.5));
#1654=DIRECTION('',(-0.322004102,-0.946738273,0.));
#1655=DIRECTION('',(0.946738273,-0.322004102,0.));
#1656=AXIS2_PLACEMENT_3D('',#1653,#1654,#1655);
#1657=PLANE('',#1656);
#1658=ORIENTED_EDGE('',*,*,#371,.T.);
#1659=ORIENTED_EDGE('',*,*,#78,.F.);
#1660=CARTESIAN_POINT('',(-6.55773,-27.459623867,6.5));
#1661=DIRECTION('',(-0.946738273,0.322004102,0.));
#1662=VECTOR('',#1661,6.7);
#1663=LINE('',#1660,#1662);
#1664=EDGE_CURVE('',#1606,#67,#1663,.T.);
#1665=ORIENTED_EDGE('',*,*,#1664,.F.);
#1666=ORIENTED_EDGE('',*,*,#1624,.T.);
#1667=EDGE_LOOP('',(#1658,#1659,#1665,#1666));
#1668=FACE_BOUND('',#1667,.T.);
#1669=ADVANCED_FACE('',(#1668),#1657,.F.);
#1670=CARTESIAN_POINT('',(0.,0.,6.5));
#1671=DIRECTION('',(0.,0.,1.));
#1672=DIRECTION('',(1.,0.,0.));
#1673=AXIS2_PLACEMENT_3D('',#1670,#1671,#1672);
#1674=PLANE('',#1673);
#1675=ORIENTED_EDGE('',*,*,#1398,.T.);
#1676=ORIENTED_EDGE('',*,*,#1405,.T.);
#1677=EDGE_LOOP('',(#1675,#1676));
#1678=FACE_BOUND('',#1677,.T.);
#1679=ORIENTED_EDGE('',*,*,#1647,.T.);
#1680=CARTESIAN_POINT('',(-3.608281735,-20.961708015,6.5));
#1681=DIRECTION('',(0.,0.,1.));
#1682=DIRECTION('',(1.,0.,-0.));
#1683=AXIS2_PLACEMENT_3D('',#1680,#1681,#1682);
#1684=CIRCLE('',#1683,0.7);
#1685=EDGE_CURVE('',#1636,#1604,#1684,.T.);
#1686=ORIENTED_EDGE('',*,*,#1685,.T.);
#1687=ORIENTED_EDGE('',*,*,#1611,.T.);
#1688=ORIENTED_EDGE('',*,*,#1664,.T.);
#1689=ORIENTED_EDGE('',*,*,#72,.T.);
#1690=EDGE_LOOP('',(#1679,#1686,#1687,#1688,#1689));
#1691=FACE_BOUND('',#1690,.T.);
#1692=ADVANCED_FACE('',(#1678,#1691),#1674,.F.);
#1693=CARTESIAN_POINT('',(9.729303216,-26.380910126,6.5));
#1694=DIRECTION('',(-0.322004102,0.946738273,0.));
#1695=DIRECTION('',(-0.946738273,-0.322004102,0.));
#1696=AXIS2_PLACEMENT_3D('',#1693,#1694,#1695);
#1697=PLANE('',#1696);
#1698=ORIENTED_EDGE('',*,*,#240,.F.);
#1699=CARTESIAN_POINT('',(6.55773,-27.459623867,6.5));
#1700=VERTEX_POINT('',#1699);
#1701=CARTESIAN_POINT('',(6.55773,-27.459623867,6.5));
#1702=DIRECTION('',(0.,0.,-1.));
#1703=VECTOR('',#1702,6.5);
#1704=LINE('',#1701,#1703);
#1705=EDGE_CURVE('',#1700,#227,#1704,.T.);
#1706=ORIENTED_EDGE('',*,*,#1705,.F.);
#1707=CARTESIAN_POINT('',(12.900876432,-25.302196384,6.5));
#1708=VERTEX_POINT('',#1707);
#1709=CARTESIAN_POINT('',(6.55773,-27.459623867,6.5));
#1710=DIRECTION('',(0.946738273,0.322004102,0.));
#1711=VECTOR('',#1710,6.7);
#1712=LINE('',#1709,#1711);
#1713=EDGE_CURVE('',#1700,#1708,#1712,.T.);
#1714=ORIENTED_EDGE('',*,*,#1713,.T.);
#1715=CARTESIAN_POINT('',(12.900876432,-25.302196384,6.5));
#1716=DIRECTION('',(0.,0.,-1.));
#1717=VECTOR('',#1716,6.5);
#1718=LINE('',#1715,#1717);
#1719=EDGE_CURVE('',#1708,#235,#1718,.T.);
#1720=ORIENTED_EDGE('',*,*,#1719,.T.);
#1721=EDGE_LOOP('',(#1698,#1706,#1714,#1720));
#1722=FACE_BOUND('',#1721,.T.);
#1723=ADVANCED_FACE('',(#1722),#1697,.T.);
#1724=CARTESIAN_POINT('',(11.75627073,-21.936891346,6.5));
#1725=DIRECTION('',(-0.946738273,-0.322004102,0.));
#1726=DIRECTION('',(0.322004102,-0.946738273,0.));
#1727=AXIS2_PLACEMENT_3D('',#1724,#1725,#1726);
#1728=PLANE('',#1727);
#1729=CARTESIAN_POINT('',(10.601083706,-18.540475705,1.8));
#1730=VERTEX_POINT('',#1729);
#1731=CARTESIAN_POINT('',(10.601083706,-18.540475705,1.8));
#1732=DIRECTION('',(0.322004102,-0.946738273,0.));
#1733=VECTOR('',#1732,0.032860829);
#1734=LINE('',#1731,#1733);
#1735=EDGE_CURVE('',#1730,#584,#1734,.T.);
#1736=ORIENTED_EDGE('',*,*,#1735,.F.);
#1737=CARTESIAN_POINT('',(10.601083706,-18.540475705,1.8));
#1738=DIRECTION('',(0.,0.,-1.));
#1739=VECTOR('',#1738,1.8);
#1740=LINE('',#1737,#1739);
#1741=EDGE_CURVE('',#1730,#243,#1740,.T.);
#1742=ORIENTED_EDGE('',*,*,#1741,.T.);
#1743=ORIENTED_EDGE('',*,*,#248,.F.);
#1744=ORIENTED_EDGE('',*,*,#1719,.F.);
#1745=CARTESIAN_POINT('',(12.900876432,-25.302196384,6.5));
#1746=DIRECTION('',(-0.322004102,0.946738273,0.));
#1747=VECTOR('',#1746,7.109261624);
#1748=LINE('',#1745,#1747);
#1749=EDGE_CURVE('',#1708,#592,#1748,.T.);
#1750=ORIENTED_EDGE('',*,*,#1749,.T.);
#1751=ORIENTED_EDGE('',*,*,#597,.T.);
#1752=EDGE_LOOP('',(#1736,#1742,#1743,#1744,#1750,#1751));
#1753=FACE_BOUND('',#1752,.T.);
#1754=ADVANCED_FACE('',(#1753),#1728,.T.);
#1755=CARTESIAN_POINT('',(5.413124298,-24.09431883,6.5));
#1756=DIRECTION('',(0.946738273,0.322004102,0.));
#1757=DIRECTION('',(-0.322004102,0.946738273,0.));
#1758=AXIS2_PLACEMENT_3D('',#1755,#1756,#1757);
#1759=PLANE('',#1758);
#1760=ORIENTED_EDGE('',*,*,#232,.F.);
#1761=CARTESIAN_POINT('',(4.268248627,-20.728220045,1.8));
#1762=VERTEX_POINT('',#1761);
#1763=CARTESIAN_POINT('',(4.268248627,-20.728220045,0.));
#1764=DIRECTION('',(-0.,-0.,1.));
#1765=VECTOR('',#1764,1.8);
#1766=LINE('',#1763,#1765);
#1767=EDGE_CURVE('',#218,#1762,#1766,.T.);
#1768=ORIENTED_EDGE('',*,*,#1767,.T.);
#1769=CARTESIAN_POINT('',(4.268518595,-20.729013792,1.8));
#1770=DIRECTION('',(-0.322004102,0.946738273,0.));
#1771=VECTOR('',#1770,0.000838402);
#1772=LINE('',#1769,#1771);
#1773=EDGE_CURVE('',#576,#1762,#1772,.T.);
#1774=ORIENTED_EDGE('',*,*,#1773,.F.);
#1775=ORIENTED_EDGE('',*,*,#581,.F.);
#1776=CARTESIAN_POINT('',(4.268518595,-20.729013792,6.5));
#1777=DIRECTION('',(0.322004102,-0.946738273,0.));
#1778=VECTOR('',#1777,7.109261624);
#1779=LINE('',#1776,#1778);
#1780=EDGE_CURVE('',#574,#1700,#1779,.T.);
#1781=ORIENTED_EDGE('',*,*,#1780,.T.);
#1782=ORIENTED_EDGE('',*,*,#1705,.T.);
#1783=EDGE_LOOP('',(#1760,#1768,#1774,#1775,#1781,#1782));
#1784=FACE_BOUND('',#1783,.T.);
#1785=ADVANCED_FACE('',(#1784),#1759,.T.);
#1786=CARTESIAN_POINT('',(0.,0.,6.5));
#1787=DIRECTION('',(0.,0.,1.));
#1788=DIRECTION('',(1.,0.,0.));
#1789=AXIS2_PLACEMENT_3D('',#1786,#1787,#1788);
#1790=PLANE('',#1789);
#1791=ORIENTED_EDGE('',*,*,#1480,.T.);
#1792=ORIENTED_EDGE('',*,*,#1487,.T.);
#1793=EDGE_LOOP('',(#1791,#1792));
#1794=FACE_BOUND('',#1793,.T.);
#1795=ORIENTED_EDGE('',*,*,#1713,.F.);
#1796=ORIENTED_EDGE('',*,*,#1780,.F.);
#1797=ORIENTED_EDGE('',*,*,#603,.F.);
#1798=ORIENTED_EDGE('',*,*,#1749,.F.);
#1799=EDGE_LOOP('',(#1795,#1796,#1797,#1798));
#1800=FACE_BOUND('',#1799,.T.);
#1801=ADVANCED_FACE('',(#1794,#1800),#1790,.F.);
#1802=CARTESIAN_POINT('',(22.768934691,13.962796779,6.));
#1803=DIRECTION('',(1.,0.,0.));
#1804=DIRECTION('',(0.,0.,-1.));
#1805=AXIS2_PLACEMENT_3D('',#1802,#1803,#1804);
#1806=PLANE('',#1805);
#1807=ORIENTED_EDGE('',*,*,#300,.F.);
#1808=CARTESIAN_POINT('',(22.768934691,-12.965203444,0.));
#1809=DIRECTION('',(-0.,-0.,1.));
#1810=VECTOR('',#1809,2.);
#1811=LINE('',#1808,#1810);
#1812=EDGE_CURVE('',#286,#1205,#1811,.T.);
#1813=ORIENTED_EDGE('',*,*,#1812,.T.);
#1814=ORIENTED_EDGE('',*,*,#1210,.F.);
#1815=CARTESIAN_POINT('',(22.768934691,12.965203444,2.));
#1816=DIRECTION('',(0.,0.,-1.));
#1817=VECTOR('',#1816,2.);
#1818=LINE('',#1815,#1817);
#1819=EDGE_CURVE('',#1196,#327,#1818,.T.);
#1820=ORIENTED_EDGE('',*,*,#1819,.T.);
#1821=ORIENTED_EDGE('',*,*,#332,.F.);
#1822=ORIENTED_EDGE('',*,*,#997,.F.);
#1823=ORIENTED_EDGE('',*,*,#715,.T.);
#1824=ORIENTED_EDGE('',*,*,#912,.T.);
#1825=EDGE_LOOP('',(#1807,#1813,#1814,#1820,#1821,#1822,#1823,#1824));
#1826=FACE_BOUND('',#1825,.T.);
#1827=ADVANCED_FACE('',(#1826),#1806,.T.);
#1828=CARTESIAN_POINT('',(19.920966342,0.6,7.));
#1829=DIRECTION('',(0.,0.,-1.));
#1830=DIRECTION('',(-1.,0.,0.));
#1831=AXIS2_PLACEMENT_3D('',#1828,#1829,#1830);
#1832=CYLINDRICAL_SURFACE('',#1831,0.5);
#1833=CARTESIAN_POINT('',(19.420966342,0.6,2.));
#1834=DIRECTION('',(-0.,-0.,1.));
#1835=VECTOR('',#1834,1.6);
#1836=LINE('',#1833,#1835);
#1837=EDGE_CURVE('',#1177,#820,#1836,.T.);
#1838=ORIENTED_EDGE('',*,*,#1837,.T.);
#1839=ORIENTED_EDGE('',*,*,#826,.F.);
#1840=ORIENTED_EDGE('',*,*,#689,.F.);
#1841=ORIENTED_EDGE('',*,*,#1190,.F.);
#1842=EDGE_LOOP('',(#1838,#1839,#1840,#1841));
#1843=FACE_BOUND('',#1842,.T.);
#1844=ADVANCED_FACE('',(#1843),#1832,.T.);
#1845=CARTESIAN_POINT('',(19.920966342,-0.6,7.));
#1846=DIRECTION('',(0.,0.,-1.));
#1847=DIRECTION('',(-1.,0.,0.));
#1848=AXIS2_PLACEMENT_3D('',#1845,#1846,#1847);
#1849=CYLINDRICAL_SURFACE('',#1848,0.5);
#1850=CARTESIAN_POINT('',(19.420966342,-0.6,2.));
#1851=DIRECTION('',(-0.,-0.,1.));
#1852=VECTOR('',#1851,1.6);
#1853=LINE('',#1850,#1852);
#1854=EDGE_CURVE('',#1160,#785,#1853,.T.);
#1855=ORIENTED_EDGE('',*,*,#1854,.T.);
#1856=ORIENTED_EDGE('',*,*,#791,.F.);
#1857=ORIENTED_EDGE('',*,*,#873,.F.);
#1858=ORIENTED_EDGE('',*,*,#1173,.F.);
#1859=EDGE_LOOP('',(#1855,#1856,#1857,#1858));
#1860=FACE_BOUND('',#1859,.T.);
#1861=ADVANCED_FACE('',(#1860),#1849,.T.);
#1862=CARTESIAN_POINT('',(26.985283941,3.626203139,5.1));
#1863=DIRECTION('',(-1.,-0.,0.));
#1864=DIRECTION('',(0.,-1.,0.));
#1865=AXIS2_PLACEMENT_3D('',#1862,#1863,#1864);
#1866=PLANE('',#1865);
#1867=ORIENTED_EDGE('',*,*,#1126,.T.);
#1868=CARTESIAN_POINT('',(26.985283941,-2.712797165,5.1));
#1869=VERTEX_POINT('',#1868);
#1870=CARTESIAN_POINT('',(26.985283941,-2.712797165,5.1));
#1871=DIRECTION('',(0.,0.,1.));
#1872=VECTOR('',#1871,0.9);
#1873=LINE('',#1870,#1872);
#1874=EDGE_CURVE('',#1869,#1121,#1873,.T.);
#1875=ORIENTED_EDGE('',*,*,#1874,.F.);
#1876=CARTESIAN_POINT('',(26.985283941,18.360390114,5.1));
#1877=DIRECTION('',(0.,-1.,0.));
#1878=VECTOR('',#1877,21.073187279);
#1879=LINE('',#1876,#1878);
#1880=EDGE_CURVE('',#1033,#1869,#1879,.T.);
#1881=ORIENTED_EDGE('',*,*,#1880,.F.);
#1882=ORIENTED_EDGE('',*,*,#1038,.T.);
#1883=EDGE_LOOP('',(#1867,#1875,#1881,#1882));
#1884=FACE_BOUND('',#1883,.T.);
#1885=ADVANCED_FACE('',(#1884),#1866,.F.);
#1886=CARTESIAN_POINT('',(34.695065539,-2.712797165,5.1));
#1887=DIRECTION('',(0.,-1.,0.));
#1888=DIRECTION('',(0.,0.,-1.));
#1889=AXIS2_PLACEMENT_3D('',#1886,#1887,#1888);
#1890=PLANE('',#1889);
#1891=ORIENTED_EDGE('',*,*,#1141,.T.);
#1892=CARTESIAN_POINT('',(40.517293816,-2.712797165,5.1));
#1893=VERTEX_POINT('',#1892);
#1894=CARTESIAN_POINT('',(40.517293816,-2.712797165,5.1));
#1895=DIRECTION('',(0.,0.,1.));
#1896=VECTOR('',#1895,0.9);
#1897=LINE('',#1894,#1896);
#1898=EDGE_CURVE('',#1893,#1130,#1897,.T.);
#1899=ORIENTED_EDGE('',*,*,#1898,.F.);
#1900=CARTESIAN_POINT('',(26.985283941,-2.712797165,5.1));
#1901=DIRECTION('',(1.,0.,-0.));
#1902=VECTOR('',#1901,13.532009875);
#1903=LINE('',#1900,#1902);
#1904=EDGE_CURVE('',#1869,#1893,#1903,.T.);
#1905=ORIENTED_EDGE('',*,*,#1904,.F.);
#1906=ORIENTED_EDGE('',*,*,#1874,.T.);
#1907=EDGE_LOOP('',(#1891,#1899,#1905,#1906));
#1908=FACE_BOUND('',#1907,.T.);
#1909=ADVANCED_FACE('',(#1908),#1890,.F.);
#1910=CARTESIAN_POINT('',(40.517293816,7.623796474,5.1));
#1911=DIRECTION('',(1.,0.,0.));
#1912=DIRECTION('',(0.,0.,-1.));
#1913=AXIS2_PLACEMENT_3D('',#1910,#1911,#1912);
#1914=PLANE('',#1913);
#1915=ORIENTED_EDGE('',*,*,#1135,.T.);
#1916=ORIENTED_EDGE('',*,*,#1022,.F.);
#1917=CARTESIAN_POINT('',(40.517293816,-2.712797165,5.1));
#1918=DIRECTION('',(0.,1.,0.));
#1919=VECTOR('',#1918,21.073187279);
#1920=LINE('',#1917,#1919);
#1921=EDGE_CURVE('',#1893,#1009,#1920,.T.);
#1922=ORIENTED_EDGE('',*,*,#1921,.F.);
#1923=ORIENTED_EDGE('',*,*,#1898,.T.);
#1924=EDGE_LOOP('',(#1915,#1916,#1922,#1923));
#1925=FACE_BOUND('',#1924,.T.);
#1926=ADVANCED_FACE('',(#1925),#1914,.F.);
#1927=CARTESIAN_POINT('',(0.,0.,5.1));
#1928=DIRECTION('',(0.,0.,-1.));
#1929=DIRECTION('',(-1.,0.,0.));
#1930=AXIS2_PLACEMENT_3D('',#1927,#1928,#1929);
#1931=PLANE('',#1930);
#1932=CARTESIAN_POINT('',(25.499245608,-5.940890114,5.1));
#1933=VERTEX_POINT('',#1932);
#1934=CARTESIAN_POINT('',(43.,-5.940890114,5.1));
#1935=DIRECTION('',(-1.,0.,0.));
#1936=VECTOR('',#1935,17.500754392);
#1937=LINE('',#1934,#1936);
#1938=EDGE_CURVE('',#1068,#1933,#1937,.T.);
#1939=ORIENTED_EDGE('',*,*,#1938,.T.);
#1940=CARTESIAN_POINT('',(24.199245608,-4.640890114,5.1));
#1941=VERTEX_POINT('',#1940);
#1942=CARTESIAN_POINT('',(25.499245608,-4.640890114,5.1));
#1943=DIRECTION('',(0.,0.,-1.));
#1944=DIRECTION('',(0.,-1.,0.));
#1945=AXIS2_PLACEMENT_3D('',#1942,#1943,#1944);
#1946=CIRCLE('',#1945,1.3);
#1947=EDGE_CURVE('',#1933,#1941,#1946,.T.);
#1948=ORIENTED_EDGE('',*,*,#1947,.T.);
#1949=CARTESIAN_POINT('',(24.199245608,18.360390114,5.1));
#1950=DIRECTION('',(-0.,-1.,0.));
#1951=VECTOR('',#1950,23.001280228);
#1952=LINE('',#1949,#1951);
#1953=EDGE_CURVE('',#1041,#1941,#1952,.T.);
#1954=ORIENTED_EDGE('',*,*,#1953,.F.);
#1955=ORIENTED_EDGE('',*,*,#1046,.T.);
#1956=ORIENTED_EDGE('',*,*,#1880,.T.);
#1957=ORIENTED_EDGE('',*,*,#1904,.T.);
#1958=ORIENTED_EDGE('',*,*,#1921,.T.);
#1959=ORIENTED_EDGE('',*,*,#1014,.T.);
#1960=ORIENTED_EDGE('',*,*,#1079,.F.);
#1961=EDGE_LOOP('',(#1939,#1948,#1954,#1955,#1956,#1957,#1958,#1959,#1960));
#1962=FACE_BOUND('',#1961,.T.);
#1963=ADVANCED_FACE('',(#1962),#1931,.T.);
#1964=CARTESIAN_POINT('',(35.813126233,-5.940890114,3.));
#1965=DIRECTION('',(0.,1.,0.));
#1966=DIRECTION('',(-1.,0.,0.));
#1967=AXIS2_PLACEMENT_3D('',#1964,#1965,#1966);
#1968=PLANE('',#1967);
#1969=ORIENTED_EDGE('',*,*,#1073,.F.);
#1970=ORIENTED_EDGE('',*,*,#748,.F.);
#1971=CARTESIAN_POINT('',(25.499245608,-5.940890114,3.6));
#1972=DIRECTION('',(0.,0.,1.));
#1973=VECTOR('',#1972,1.5);
#1974=LINE('',#1971,#1973);
#1975=EDGE_CURVE('',#734,#1933,#1974,.T.);
#1976=ORIENTED_EDGE('',*,*,#1975,.T.);
#1977=ORIENTED_EDGE('',*,*,#1938,.F.);
#1978=EDGE_LOOP('',(#1969,#1970,#1976,#1977));
#1979=FACE_BOUND('',#1978,.T.);
#1980=ADVANCED_FACE('',(#1979),#1968,.T.);
#1981=CARTESIAN_POINT('',(24.199245608,12.973166658,3.));
#1982=DIRECTION('',(-1.,0.,0.));
#1983=DIRECTION('',(-0.,-1.,0.));
#1984=AXIS2_PLACEMENT_3D('',#1981,#1982,#1983);
#1985=PLANE('',#1984);
#1986=CARTESIAN_POINT('',(24.199245608,-4.640890114,3.6));
#1987=DIRECTION('',(0.,0.,1.));
#1988=VECTOR('',#1987,1.5);
#1989=LINE('',#1986,#1988);
#1990=EDGE_CURVE('',#726,#1941,#1989,.T.);
#1991=ORIENTED_EDGE('',*,*,#1990,.F.);
#1992=ORIENTED_EDGE('',*,*,#731,.T.);
#1993=ORIENTED_EDGE('',*,*,#1052,.T.);
#1994=ORIENTED_EDGE('',*,*,#1953,.T.);
#1995=EDGE_LOOP('',(#1991,#1992,#1993,#1994));
#1996=FACE_BOUND('',#1995,.T.);
#1997=ADVANCED_FACE('',(#1996),#1985,.F.);
#1998=CARTESIAN_POINT('',(25.499245608,-4.640890114,3.));
#1999=DIRECTION('',(0.,0.,1.));
#2000=DIRECTION('',(1.,0.,-0.));
#2001=AXIS2_PLACEMENT_3D('',#1998,#1999,#2000);
#2002=CYLINDRICAL_SURFACE('',#2001,1.3);
#2003=ORIENTED_EDGE('',*,*,#1975,.F.);
#2004=ORIENTED_EDGE('',*,*,#740,.F.);
#2005=ORIENTED_EDGE('',*,*,#1990,.T.);
#2006=ORIENTED_EDGE('',*,*,#1947,.F.);
#2007=EDGE_LOOP('',(#2003,#2004,#2005,#2006));
#2008=FACE_BOUND('',#2007,.T.);
#2009=ADVANCED_FACE('',(#2008),#2002,.F.);
#2010=CARTESIAN_POINT('',(36.673845608,16.159130499,2.59702702));
#2011=DIRECTION('',(0.,1.,0.));
#2012=DIRECTION('',(0.,-0.,1.));
#2013=AXIS2_PLACEMENT_3D('',#2010,#2011,#2012);
#2014=CYLINDRICAL_SURFACE('',#2013,1.5954);
#2015=CARTESIAN_POINT('',(36.673845608,19.460390114,4.19242702));
#2016=VERTEX_POINT('',#2015);
#2017=CARTESIAN_POINT('',(36.673845608,18.360390114,4.19242702));
#2018=DIRECTION('',(0.,1.,0.));
#2019=VECTOR('',#2018,1.1);
#2020=LINE('',#2017,#2019);
#2021=EDGE_CURVE('',#935,#2016,#2020,.T.);
#2022=ORIENTED_EDGE('',*,*,#2021,.T.);
#2023=CARTESIAN_POINT('',(38.269245608,19.460390114,2.59702702));
#2024=VERTEX_POINT('',#2023);
#2025=CARTESIAN_POINT('',(36.673845608,19.460390114,2.59702702));
#2026=DIRECTION('',(-0.,1.,0.));
#2027=DIRECTION('',(-1.,-0.,0.));
#2028=AXIS2_PLACEMENT_3D('',#2025,#2026,#2027);
#2029=CIRCLE('',#2028,1.5954);
#2030=EDGE_CURVE('',#2016,#2024,#2029,.T.);
#2031=ORIENTED_EDGE('',*,*,#2030,.T.);
#2032=CARTESIAN_POINT('',(38.269245608,18.360390114,2.59702702));
#2033=DIRECTION('',(0.,1.,0.));
#2034=VECTOR('',#2033,1.1);
#2035=LINE('',#2032,#2034);
#2036=EDGE_CURVE('',#943,#2024,#2035,.T.);
#2037=ORIENTED_EDGE('',*,*,#2036,.F.);
#2038=ORIENTED_EDGE('',*,*,#949,.F.);
#2039=EDGE_LOOP('',(#2022,#2031,#2037,#2038));
#2040=FACE_BOUND('',#2039,.T.);
#2041=ADVANCED_FACE('',(#2040),#2014,.F.);
#2042=CARTESIAN_POINT('',(38.269245608,16.159130499,2.31242702));
#2043=DIRECTION('',(1.,0.,0.));
#2044=DIRECTION('',(0.,0.,-1.));
#2045=AXIS2_PLACEMENT_3D('',#2042,#2043,#2044);
#2046=PLANE('',#2045);
#2047=ORIENTED_EDGE('',*,*,#2036,.T.);
#2048=CARTESIAN_POINT('',(38.269245608,19.460390114,2.02782702));
#2049=VERTEX_POINT('',#2048);
#2050=CARTESIAN_POINT('',(38.269245608,19.460390114,2.59702702));
#2051=DIRECTION('',(0.,0.,-1.));
#2052=VECTOR('',#2051,0.5692);
#2053=LINE('',#2050,#2052);
#2054=EDGE_CURVE('',#2024,#2049,#2053,.T.);
#2055=ORIENTED_EDGE('',*,*,#2054,.T.);
#2056=CARTESIAN_POINT('',(38.269245608,18.360390114,2.02782702));
#2057=DIRECTION('',(0.,1.,0.));
#2058=VECTOR('',#2057,1.1);
#2059=LINE('',#2056,#2058);
#2060=EDGE_CURVE('',#952,#2049,#2059,.T.);
#2061=ORIENTED_EDGE('',*,*,#2060,.F.);
#2062=ORIENTED_EDGE('',*,*,#957,.F.);
#2063=EDGE_LOOP('',(#2047,#2055,#2061,#2062));
#2064=FACE_BOUND('',#2063,.T.);
#2065=ADVANCED_FACE('',(#2064),#2046,.F.);
#2066=CARTESIAN_POINT('',(36.673845608,16.159130499,2.02782702));
#2067=DIRECTION('',(0.,1.,0.));
#2068=DIRECTION('',(0.,-0.,1.));
#2069=AXIS2_PLACEMENT_3D('',#2066,#2067,#2068);
#2070=CYLINDRICAL_SURFACE('',#2069,1.5954);
#2071=ORIENTED_EDGE('',*,*,#2060,.T.);
#2072=CARTESIAN_POINT('',(37.075736171,19.460390114,0.483875876));
#2073=VERTEX_POINT('',#2072);
#2074=CARTESIAN_POINT('',(36.673845608,19.460390114,2.02782702));
#2075=DIRECTION('',(-0.,1.,0.));
#2076=DIRECTION('',(-1.,-0.,0.));
#2077=AXIS2_PLACEMENT_3D('',#2074,#2075,#2076);
#2078=CIRCLE('',#2077,1.5954);
#2079=EDGE_CURVE('',#2049,#2073,#2078,.T.);
#2080=ORIENTED_EDGE('',*,*,#2079,.T.);
#2081=CARTESIAN_POINT('',(36.673845608,19.464977263,0.43242702));
#2082=VERTEX_POINT('',#2081);
#2083=CARTESIAN_POINT('',(37.075736171,19.460390114,0.483875876));
#2084=CARTESIAN_POINT('',(37.010080272,19.46039014,0.466785642));
#2085=CARTESIAN_POINT('',(36.942784861,19.461824471,0.453804468));
#2086=CARTESIAN_POINT('',(36.875695854,19.462970755,0.445247594));
#2087=CARTESIAN_POINT('',(36.808606848,19.46411704,0.43669072));
#2088=CARTESIAN_POINT('',(36.741323512,19.464977263,0.43242702));
#2089=CARTESIAN_POINT('',(36.673845608,19.464977263,0.43242702));
#2090=B_SPLINE_CURVE_WITH_KNOTS('',3,(#2083,#2084,#2085,#2086,#2087,#2088,#2089),.UNSPECIFIED.,.F.,.F.,(4,3,4),(0.000873466,0.001139168,0.00140487),.UNSPECIFIED.);
#2091=EDGE_CURVE('',#2073,#2082,#2090,.T.);
#2092=ORIENTED_EDGE('',*,*,#2091,.T.);
#2093=CARTESIAN_POINT('',(36.673845608,18.360390114,0.43242702));
#2094=DIRECTION('',(0.,1.,0.));
#2095=VECTOR('',#2094,1.10458715);
#2096=LINE('',#2093,#2095);
#2097=EDGE_CURVE('',#960,#2082,#2096,.T.);
#2098=ORIENTED_EDGE('',*,*,#2097,.F.);
#2099=ORIENTED_EDGE('',*,*,#966,.F.);
#2100=EDGE_LOOP('',(#2071,#2080,#2092,#2098,#2099));
#2101=FACE_BOUND('',#2100,.T.);
#2102=ADVANCED_FACE('',(#2101),#2070,.F.);
#2103=CARTESIAN_POINT('',(33.499245608,16.159130499,0.43242702));
#2104=DIRECTION('',(0.,0.,1.));
#2105=DIRECTION('',(1.,0.,-0.));
#2106=AXIS2_PLACEMENT_3D('',#2103,#2104,#2105);
#2107=PLANE('',#2106);
#2108=ORIENTED_EDGE('',*,*,#2097,.T.);
#2109=CARTESIAN_POINT('',(30.324645608,19.464977263,0.43242702));
#2110=VERTEX_POINT('',#2109);
#2111=CARTESIAN_POINT('',(36.673845608,19.464977263,0.43242702));
#2112=DIRECTION('',(-1.,-0.,0.));
#2113=VECTOR('',#2112,6.3492);
#2114=LINE('',#2111,#2113);
#2115=EDGE_CURVE('',#2082,#2110,#2114,.T.);
#2116=ORIENTED_EDGE('',*,*,#2115,.T.);
#2117=CARTESIAN_POINT('',(30.324645608,18.360390114,0.43242702));
#2118=DIRECTION('',(0.,1.,0.));
#2119=VECTOR('',#2118,1.10458715);
#2120=LINE('',#2117,#2119);
#2121=EDGE_CURVE('',#969,#2110,#2120,.T.);
#2122=ORIENTED_EDGE('',*,*,#2121,.F.);
#2123=ORIENTED_EDGE('',*,*,#974,.T.);
#2124=EDGE_LOOP('',(#2108,#2116,#2122,#2123));
#2125=FACE_BOUND('',#2124,.T.);
#2126=ADVANCED_FACE('',(#2125),#2107,.T.);
#2127=CARTESIAN_POINT('',(30.324645608,16.159130499,2.02782702));
#2128=DIRECTION('',(0.,1.,0.));
#2129=DIRECTION('',(0.,-0.,1.));
#2130=AXIS2_PLACEMENT_3D('',#2127,#2128,#2129);
#2131=CYLINDRICAL_SURFACE('',#2130,1.5954);
#2132=ORIENTED_EDGE('',*,*,#2121,.T.);
#2133=CARTESIAN_POINT('',(29.922755045,19.460390114,0.483875876));
#2134=VERTEX_POINT('',#2133);
#2135=CARTESIAN_POINT('',(30.324645608,19.464977263,0.43242702));
#2136=CARTESIAN_POINT('',(30.257167704,19.464977263,0.43242702));
#2137=CARTESIAN_POINT('',(30.189884368,19.46411704,0.43669072));
#2138=CARTESIAN_POINT('',(30.122795361,19.462970755,0.445247594));
#2139=CARTESIAN_POINT('',(30.055706355,19.461824471,0.453804468));
#2140=CARTESIAN_POINT('',(29.988410944,19.46039014,0.466785642));
#2141=CARTESIAN_POINT('',(29.922755045,19.460390114,0.483875876));
#2142=B_SPLINE_CURVE_WITH_KNOTS('',3,(#2135,#2136,#2137,#2138,#2139,#2140,#2141),.UNSPECIFIED.,.F.,.F.,(4,3,4),(0.000873466,0.001139168,0.00140487),.UNSPECIFIED.);
#2143=EDGE_CURVE('',#2110,#2134,#2142,.T.);
#2144=ORIENTED_EDGE('',*,*,#2143,.T.);
#2145=CARTESIAN_POINT('',(28.729245608,19.460390114,2.02782702));
#2146=VERTEX_POINT('',#2145);
#2147=CARTESIAN_POINT('',(30.324645608,19.460390114,2.02782702));
#2148=DIRECTION('',(-0.,1.,0.));
#2149=DIRECTION('',(-1.,-0.,0.));
#2150=AXIS2_PLACEMENT_3D('',#2147,#2148,#2149);
#2151=CIRCLE('',#2150,1.5954);
#2152=EDGE_CURVE('',#2134,#2146,#2151,.T.);
#2153=ORIENTED_EDGE('',*,*,#2152,.T.);
#2154=CARTESIAN_POINT('',(28.729245608,18.360390114,2.02782702));
#2155=DIRECTION('',(0.,1.,0.));
#2156=VECTOR('',#2155,1.1);
#2157=LINE('',#2154,#2156);
#2158=EDGE_CURVE('',#977,#2146,#2157,.T.);
#2159=ORIENTED_EDGE('',*,*,#2158,.F.);
#2160=ORIENTED_EDGE('',*,*,#983,.F.);
#2161=EDGE_LOOP('',(#2132,#2144,#2153,#2159,#2160));
#2162=FACE_BOUND('',#2161,.T.);
#2163=ADVANCED_FACE('',(#2162),#2131,.F.);
#2164=CARTESIAN_POINT('',(28.729245608,16.159130499,2.31242702));
#2165=DIRECTION('',(-1.,0.,0.));
#2166=DIRECTION('',(0.,0.,1.));
#2167=AXIS2_PLACEMENT_3D('',#2164,#2165,#2166);
#2168=PLANE('',#2167);
#2169=ORIENTED_EDGE('',*,*,#2158,.T.);
#2170=CARTESIAN_POINT('',(28.729245608,19.460390114,2.59702702));
#2171=VERTEX_POINT('',#2170);
#2172=CARTESIAN_POINT('',(28.729245608,19.460390114,2.02782702));
#2173=DIRECTION('',(0.,0.,1.));
#2174=VECTOR('',#2173,0.5692);
#2175=LINE('',#2172,#2174);
#2176=EDGE_CURVE('',#2146,#2171,#2175,.T.);
#2177=ORIENTED_EDGE('',*,*,#2176,.T.);
#2178=CARTESIAN_POINT('',(28.729245608,18.360390114,2.59702702));
#2179=DIRECTION('',(0.,1.,0.));
#2180=VECTOR('',#2179,1.1);
#2181=LINE('',#2178,#2180);
#2182=EDGE_CURVE('',#924,#2171,#2181,.T.);
#2183=ORIENTED_EDGE('',*,*,#2182,.F.);
#2184=ORIENTED_EDGE('',*,*,#989,.F.);
#2185=EDGE_LOOP('',(#2169,#2177,#2183,#2184));
#2186=FACE_BOUND('',#2185,.T.);
#2187=ADVANCED_FACE('',(#2186),#2168,.F.);
#2188=CARTESIAN_POINT('',(30.324645608,16.159130499,2.59702702));
#2189=DIRECTION('',(0.,1.,0.));
#2190=DIRECTION('',(0.,-0.,1.));
#2191=AXIS2_PLACEMENT_3D('',#2188,#2189,#2190);
#2192=CYLINDRICAL_SURFACE('',#2191,1.5954);
#2193=ORIENTED_EDGE('',*,*,#2182,.T.);
#2194=CARTESIAN_POINT('',(30.324645608,19.460390114,4.19242702));
#2195=VERTEX_POINT('',#2194);
#2196=CARTESIAN_POINT('',(30.324645608,19.460390114,2.59702702));
#2197=DIRECTION('',(-0.,1.,0.));
#2198=DIRECTION('',(-1.,-0.,0.));
#2199=AXIS2_PLACEMENT_3D('',#2196,#2197,#2198);
#2200=CIRCLE('',#2199,1.5954);
#2201=EDGE_CURVE('',#2171,#2195,#2200,.T.);
#2202=ORIENTED_EDGE('',*,*,#2201,.T.);
#2203=CARTESIAN_POINT('',(30.324645608,18.360390114,4.19242702));
#2204=DIRECTION('',(0.,1.,0.));
#2205=VECTOR('',#2204,1.1);
#2206=LINE('',#2203,#2205);
#2207=EDGE_CURVE('',#926,#2195,#2206,.T.);
#2208=ORIENTED_EDGE('',*,*,#2207,.F.);
#2209=ORIENTED_EDGE('',*,*,#932,.F.);
#2210=EDGE_LOOP('',(#2193,#2202,#2208,#2209));
#2211=FACE_BOUND('',#2210,.T.);
#2212=ADVANCED_FACE('',(#2211),#2192,.F.);
#2213=CARTESIAN_POINT('',(31.668195608,16.159130499,4.19242702));
#2214=DIRECTION('',(0.,0.,1.));
#2215=DIRECTION('',(1.,0.,0.));
#2216=AXIS2_PLACEMENT_3D('',#2213,#2214,#2215);
#2217=PLANE('',#2216);
#2218=ORIENTED_EDGE('',*,*,#2207,.T.);
#2219=CARTESIAN_POINT('',(30.324645608,19.460390114,4.19242702));
#2220=DIRECTION('',(1.,0.,0.));
#2221=VECTOR('',#2220,6.3492);
#2222=LINE('',#2219,#2221);
#2223=EDGE_CURVE('',#2195,#2016,#2222,.T.);
#2224=ORIENTED_EDGE('',*,*,#2223,.T.);
#2225=ORIENTED_EDGE('',*,*,#2021,.F.);
#2226=ORIENTED_EDGE('',*,*,#940,.F.);
#2227=EDGE_LOOP('',(#2218,#2224,#2225,#2226));
#2228=FACE_BOUND('',#2227,.T.);
#2229=ADVANCED_FACE('',(#2228),#2217,.F.);
#2230=CARTESIAN_POINT('',(19.768934691,12.965203444,6.));
#2231=DIRECTION('',(0.,0.,1.));
#2232=DIRECTION('',(1.,0.,-0.));
#2233=AXIS2_PLACEMENT_3D('',#2230,#2231,#2232);
#2234=CYLINDRICAL_SURFACE('',#2233,3.);
#2235=ORIENTED_EDGE('',*,*,#1202,.F.);
#2236=ORIENTED_EDGE('',*,*,#620,.F.);
#2237=ORIENTED_EDGE('',*,*,#341,.F.);
#2238=ORIENTED_EDGE('',*,*,#1819,.F.);
#2239=EDGE_LOOP('',(#2235,#2236,#2237,#2238));
#2240=FACE_BOUND('',#2239,.T.);
#2241=ADVANCED_FACE('',(#2240),#2234,.T.);
#2242=CARTESIAN_POINT('',(19.768934691,-12.965203444,6.));
#2243=DIRECTION('',(0.,0.,-1.));
#2244=DIRECTION('',(-1.,0.,0.));
#2245=AXIS2_PLACEMENT_3D('',#2242,#2243,#2244);
#2246=CYLINDRICAL_SURFACE('',#2245,3.);
#2247=ORIENTED_EDGE('',*,*,#1217,.F.);
#2248=ORIENTED_EDGE('',*,*,#1812,.F.);
#2249=ORIENTED_EDGE('',*,*,#292,.F.);
#2250=ORIENTED_EDGE('',*,*,#651,.F.);
#2251=EDGE_LOOP('',(#2247,#2248,#2249,#2250));
#2252=FACE_BOUND('',#2251,.T.);
#2253=ADVANCED_FACE('',(#2252),#2246,.T.);
#2254=CARTESIAN_POINT('',(-16.183491796,-18.52898486,3.));
#2255=DIRECTION('',(0.,0.,-1.));
#2256=DIRECTION('',(-1.,0.,0.));
#2257=AXIS2_PLACEMENT_3D('',#2254,#2255,#2256);
#2258=CYLINDRICAL_SURFACE('',#2257,1.5);
#2259=CARTESIAN_POINT('',(-17.683491796,-18.52898486,3.));
#2260=VERTEX_POINT('',#2259);
#2261=CARTESIAN_POINT('',(-17.683491796,-18.52898486,0.));
#2262=DIRECTION('',(-0.,-0.,1.));
#2263=VECTOR('',#2262,3.);
#2264=LINE('',#2261,#2263);
#2265=EDGE_CURVE('',#490,#2260,#2264,.T.);
#2266=ORIENTED_EDGE('',*,*,#2265,.F.);
#2267=ORIENTED_EDGE('',*,*,#496,.F.);
#2268=ORIENTED_EDGE('',*,*,#503,.F.);
#2269=ORIENTED_EDGE('',*,*,#2265,.T.);
#2270=CARTESIAN_POINT('',(-14.683491796,-18.52898486,3.));
#2271=VERTEX_POINT('',#2270);
#2272=CARTESIAN_POINT('',(-16.183491796,-18.52898486,3.));
#2273=DIRECTION('',(0.,0.,1.));
#2274=DIRECTION('',(1.,0.,-0.));
#2275=AXIS2_PLACEMENT_3D('',#2272,#2273,#2274);
#2276=CIRCLE('',#2275,1.5);
#2277=EDGE_CURVE('',#2260,#2271,#2276,.T.);
#2278=ORIENTED_EDGE('',*,*,#2277,.T.);
#2279=CARTESIAN_POINT('',(-16.183491796,-18.52898486,3.));
#2280=DIRECTION('',(0.,0.,1.));
#2281=DIRECTION('',(1.,0.,-0.));
#2282=AXIS2_PLACEMENT_3D('',#2279,#2280,#2281);
#2283=CIRCLE('',#2282,1.5);
#2284=EDGE_CURVE('',#2271,#2260,#2283,.T.);
#2285=ORIENTED_EDGE('',*,*,#2284,.T.);
#2286=EDGE_LOOP('',(#2266,#2267,#2268,#2269,#2278,#2285));
#2287=FACE_BOUND('',#2286,.T.);
#2288=ADVANCED_FACE('',(#2287),#2258,.F.);
#2289=CARTESIAN_POINT('',(0.,0.,3.));
#2290=DIRECTION('',(0.,0.,1.));
#2291=DIRECTION('',(1.,0.,0.));
#2292=AXIS2_PLACEMENT_3D('',#2289,#2290,#2291);
#2293=PLANE('',#2292);
#2294=ORIENTED_EDGE('',*,*,#2277,.F.);
#2295=ORIENTED_EDGE('',*,*,#2284,.F.);
#2296=EDGE_LOOP('',(#2294,#2295));
#2297=FACE_BOUND('',#2296,.T.);
#2298=ADVANCED_FACE('',(#2297),#2293,.F.);
#2299=CARTESIAN_POINT('',(-8.,24.,3.));
#2300=DIRECTION('',(0.,0.,-1.));
#2301=DIRECTION('',(-1.,0.,0.));
#2302=AXIS2_PLACEMENT_3D('',#2299,#2300,#2301);
#2303=CYLINDRICAL_SURFACE('',#2302,1.5);
#2304=CARTESIAN_POINT('',(-9.5,24.,3.));
#2305=VERTEX_POINT('',#2304);
#2306=CARTESIAN_POINT('',(-9.5,24.,0.));
#2307=DIRECTION('',(-0.,-0.,1.));
#2308=VECTOR('',#2307,3.);
#2309=LINE('',#2306,#2308);
#2310=EDGE_CURVE('',#510,#2305,#2309,.T.);
#2311=ORIENTED_EDGE('',*,*,#2310,.F.);
#2312=ORIENTED_EDGE('',*,*,#516,.F.);
#2313=ORIENTED_EDGE('',*,*,#523,.F.);
#2314=ORIENTED_EDGE('',*,*,#2310,.T.);
#2315=CARTESIAN_POINT('',(-6.5,24.,3.));
#2316=VERTEX_POINT('',#2315);
#2317=CARTESIAN_POINT('',(-8.,24.,3.));
#2318=DIRECTION('',(0.,0.,1.));
#2319=DIRECTION('',(1.,0.,-0.));
#2320=AXIS2_PLACEMENT_3D('',#2317,#2318,#2319);
#2321=CIRCLE('',#2320,1.5);
#2322=EDGE_CURVE('',#2305,#2316,#2321,.T.);
#2323=ORIENTED_EDGE('',*,*,#2322,.T.);
#2324=CARTESIAN_POINT('',(-8.,24.,3.));
#2325=DIRECTION('',(0.,0.,1.));
#2326=DIRECTION('',(1.,0.,-0.));
#2327=AXIS2_PLACEMENT_3D('',#2324,#2325,#2326);
#2328=CIRCLE('',#2327,1.5);
#2329=EDGE_CURVE('',#2316,#2305,#2328,.T.);
#2330=ORIENTED_EDGE('',*,*,#2329,.T.);
#2331=EDGE_LOOP('',(#2311,#2312,#2313,#2314,#2323,#2330));
#2332=FACE_BOUND('',#2331,.T.);
#2333=ADVANCED_FACE('',(#2332),#2303,.F.);
#2334=CARTESIAN_POINT('',(0.,0.,3.));
#2335=DIRECTION('',(0.,0.,1.));
#2336=DIRECTION('',(1.,0.,0.));
#2337=AXIS2_PLACEMENT_3D('',#2334,#2335,#2336);
#2338=PLANE('',#2337);
#2339=ORIENTED_EDGE('',*,*,#2322,.F.);
#2340=ORIENTED_EDGE('',*,*,#2329,.F.);
#2341=EDGE_LOOP('',(#2339,#2340));
#2342=FACE_BOUND('',#2341,.T.);
#2343=ADVANCED_FACE('',(#2342),#2338,.F.);
#2344=CARTESIAN_POINT('',(45.38282007,17.233068123,3.));
#2345=DIRECTION('',(0.,0.,-1.));
#2346=DIRECTION('',(-1.,0.,0.));
#2347=AXIS2_PLACEMENT_3D('',#2344,#2345,#2346);
#2348=CYLINDRICAL_SURFACE('',#2347,1.5);
#2349=CARTESIAN_POINT('',(43.88282007,17.233068123,3.));
#2350=VERTEX_POINT('',#2349);
#2351=CARTESIAN_POINT('',(43.88282007,17.233068123,0.));
#2352=DIRECTION('',(-0.,-0.,1.));
#2353=VECTOR('',#2352,3.);
#2354=LINE('',#2351,#2353);
#2355=EDGE_CURVE('',#530,#2350,#2354,.T.);
#2356=ORIENTED_EDGE('',*,*,#2355,.F.);
#2357=ORIENTED_EDGE('',*,*,#536,.F.);
#2358=ORIENTED_EDGE('',*,*,#543,.F.);
#2359=ORIENTED_EDGE('',*,*,#2355,.T.);
#2360=CARTESIAN_POINT('',(46.88282007,17.233068123,3.));
#2361=VERTEX_POINT('',#2360);
#2362=CARTESIAN_POINT('',(45.38282007,17.233068123,3.));
#2363=DIRECTION('',(0.,0.,1.));
#2364=DIRECTION('',(1.,0.,-0.));
#2365=AXIS2_PLACEMENT_3D('',#2362,#2363,#2364);
#2366=CIRCLE('',#2365,1.5);
#2367=EDGE_CURVE('',#2350,#2361,#2366,.T.);
#2368=ORIENTED_EDGE('',*,*,#2367,.T.);
#2369=CARTESIAN_POINT('',(45.38282007,17.233068123,3.));
#2370=DIRECTION('',(0.,0.,1.));
#2371=DIRECTION('',(1.,0.,-0.));
#2372=AXIS2_PLACEMENT_3D('',#2369,#2370,#2371);
#2373=CIRCLE('',#2372,1.5);
#2374=EDGE_CURVE('',#2361,#2350,#2373,.T.);
#2375=ORIENTED_EDGE('',*,*,#2374,.T.);
#2376=EDGE_LOOP('',(#2356,#2357,#2358,#2359,#2368,#2375));
#2377=FACE_BOUND('',#2376,.T.);
#2378=ADVANCED_FACE('',(#2377),#2348,.F.);
#2379=CARTESIAN_POINT('',(0.,0.,3.));
#2380=DIRECTION('',(0.,0.,1.));
#2381=DIRECTION('',(1.,0.,0.));
#2382=AXIS2_PLACEMENT_3D('',#2379,#2380,#2381);
#2383=PLANE('',#2382);
#2384=ORIENTED_EDGE('',*,*,#2367,.F.);
#2385=ORIENTED_EDGE('',*,*,#2374,.F.);
#2386=EDGE_LOOP('',(#2384,#2385));
#2387=FACE_BOUND('',#2386,.T.);
#2388=ADVANCED_FACE('',(#2387),#2383,.F.);
#2389=CARTESIAN_POINT('',(45.38282007,-17.363445833,3.));
#2390=DIRECTION('',(0.,0.,-1.));
#2391=DIRECTION('',(-1.,0.,0.));
#2392=AXIS2_PLACEMENT_3D('',#2389,#2390,#2391);
#2393=CYLINDRICAL_SURFACE('',#2392,1.5);
#2394=CARTESIAN_POINT('',(43.88282007,-17.363445833,3.));
#2395=VERTEX_POINT('',#2394);
#2396=CARTESIAN_POINT('',(43.88282007,-17.363445833,0.));
#2397=DIRECTION('',(-0.,-0.,1.));
#2398=VECTOR('',#2397,3.);
#2399=LINE('',#2396,#2398);
#2400=EDGE_CURVE('',#550,#2395,#2399,.T.);
#2401=ORIENTED_EDGE('',*,*,#2400,.F.);
#2402=ORIENTED_EDGE('',*,*,#556,.F.);
#2403=ORIENTED_EDGE('',*,*,#563,.F.);
#2404=ORIENTED_EDGE('',*,*,#2400,.T.);
#2405=CARTESIAN_POINT('',(46.88282007,-17.363445833,3.));
#2406=VERTEX_POINT('',#2405);
#2407=CARTESIAN_POINT('',(45.38282007,-17.363445833,3.));
#2408=DIRECTION('',(0.,0.,1.));
#2409=DIRECTION('',(1.,0.,-0.));
#2410=AXIS2_PLACEMENT_3D('',#2407,#2408,#2409);
#2411=CIRCLE('',#2410,1.5);
#2412=EDGE_CURVE('',#2395,#2406,#2411,.T.);
#2413=ORIENTED_EDGE('',*,*,#2412,.T.);
#2414=CARTESIAN_POINT('',(45.38282007,-17.363445833,3.));
#2415=DIRECTION('',(0.,0.,1.));
#2416=DIRECTION('',(1.,0.,-0.));
#2417=AXIS2_PLACEMENT_3D('',#2414,#2415,#2416);
#2418=CIRCLE('',#2417,1.5);
#2419=EDGE_CURVE('',#2406,#2395,#2418,.T.);
#2420=ORIENTED_EDGE('',*,*,#2419,.T.);
#2421=EDGE_LOOP('',(#2401,#2402,#2403,#2404,#2413,#2420));
#2422=FACE_BOUND('',#2421,.T.);
#2423=ADVANCED_FACE('',(#2422),#2393,.F.);
#2424=CARTESIAN_POINT('',(0.,0.,3.));
#2425=DIRECTION('',(0.,0.,1.));
#2426=DIRECTION('',(1.,0.,0.));
#2427=AXIS2_PLACEMENT_3D('',#2424,#2425,#2426);
#2428=PLANE('',#2427);
#2429=ORIENTED_EDGE('',*,*,#2412,.F.);
#2430=ORIENTED_EDGE('',*,*,#2419,.F.);
#2431=EDGE_LOOP('',(#2429,#2430));
#2432=FACE_BOUND('',#2431,.T.);
#2433=ADVANCED_FACE('',(#2432),#2428,.F.);
#2434=CARTESIAN_POINT('',(34.518826295,19.464977263,-0.06757298));
#2435=DIRECTION('',(1.,0.,0.));
#2436=DIRECTION('',(-0.,1.,0.));
#2437=AXIS2_PLACEMENT_3D('',#2434,#2435,#2436);
#2438=CYLINDRICAL_SURFACE('',#2437,0.5);
#2439=CARTESIAN_POINT('',(36.673845608,19.464977263,-0.06757298));
#2440=DIRECTION('',(1.,0.,0.));
#2441=DIRECTION('',(0.,0.,-1.));
#2442=AXIS2_PLACEMENT_3D('',#2439,#2440,#2441);
#2443=CIRCLE('',#2442,0.5);
#2444=EDGE_CURVE('',#430,#2082,#2443,.T.);
#2445=ORIENTED_EDGE('',*,*,#2444,.F.);
#2446=ORIENTED_EDGE('',*,*,#435,.F.);
#2447=CARTESIAN_POINT('',(30.324645608,19.464977263,-0.06757298));
#2448=DIRECTION('',(-1.,0.,0.));
#2449=DIRECTION('',(0.,0.,1.));
#2450=AXIS2_PLACEMENT_3D('',#2447,#2448,#2449);
#2451=CIRCLE('',#2450,0.5);
#2452=EDGE_CURVE('',#2110,#422,#2451,.T.);
#2453=ORIENTED_EDGE('',*,*,#2452,.F.);
#2454=ORIENTED_EDGE('',*,*,#2115,.F.);
#2455=EDGE_LOOP('',(#2445,#2446,#2453,#2454));
#2456=FACE_BOUND('',#2455,.T.);
#2457=ADVANCED_FACE('',(#2456),#2438,.T.);
#2458=CARTESIAN_POINT('',(30.324645608,19.960390114,0.));
#2459=CARTESIAN_POINT('',(30.324645608,19.952308185,0.059252845));
#2460=CARTESIAN_POINT('',(30.324645608,19.933485667,0.117024131));
#2461=CARTESIAN_POINT('',(30.324645608,19.876736826,0.222306787));
#2462=CARTESIAN_POINT('',(30.324645608,19.838826085,0.269789252));
#2463=CARTESIAN_POINT('',(30.324645608,19.748720275,0.348439183));
#2464=CARTESIAN_POINT('',(30.324645608,19.696549946,0.379585057));
#2465=CARTESIAN_POINT('',(30.324645608,19.584563807,0.42158474));
#2466=CARTESIAN_POINT('',(30.324645608,19.524778745,0.43242702));
#2467=CARTESIAN_POINT('',(30.324645608,19.464977263,0.43242702));
#2468=CARTESIAN_POINT('',(30.23602006,19.960390114,0.));
#2469=CARTESIAN_POINT('',(30.2385728,19.952308185,0.059252845));
#2470=CARTESIAN_POINT('',(30.24112484,19.933485667,0.117024131));
#2471=CARTESIAN_POINT('',(30.245905182,19.876736826,0.222306787));
#2472=CARTESIAN_POINT('',(30.248132172,19.838826085,0.269789252));
#2473=CARTESIAN_POINT('',(30.251978511,19.748720275,0.348439183));
#2474=CARTESIAN_POINT('',(30.253596804,19.696549946,0.379585057));
#2475=CARTESIAN_POINT('',(30.256019236,19.584563807,0.42158474));
#2476=CARTESIAN_POINT('',(30.256822711,19.524778745,0.43242702));
#2477=CARTESIAN_POINT('',(30.257167704,19.464977263,0.43242702));
#2478=CARTESIAN_POINT('',(30.147650057,19.960390114,-0.));
#2479=CARTESIAN_POINT('',(30.152746518,19.952923025,0.059682735));
#2480=CARTESIAN_POINT('',(30.157841586,19.934521106,0.117974627));
#2481=CARTESIAN_POINT('',(30.167386058,19.878212617,0.224300806));
#2482=CARTESIAN_POINT('',(30.171832853,19.840322015,0.272305018));
#2483=CARTESIAN_POINT('',(30.179514277,19.749930528,0.351840112));
#2484=CARTESIAN_POINT('',(30.182746804,19.697455236,0.383348503));
#2485=CARTESIAN_POINT('',(30.187587075,19.58467672,0.425806982));
#2486=CARTESIAN_POINT('',(30.18919349,19.524405408,0.436745064));
#2487=CARTESIAN_POINT('',(30.189884368,19.46411704,0.43669072));
#2488=CARTESIAN_POINT('',(29.971420517,19.960390114,0.));
#2489=CARTESIAN_POINT('',(29.98190159,19.955528415,0.061193329));
#2490=CARTESIAN_POINT('',(29.992379351,19.938964302,0.12143172));
#2491=CARTESIAN_POINT('',(30.011909754,19.884694687,0.231784703));
#2492=CARTESIAN_POINT('',(30.020956224,19.847006616,0.281863928));
#2493=CARTESIAN_POINT('',(30.036386879,19.755665854,0.365000118));
#2494=CARTESIAN_POINT('',(30.042766186,19.702042461,0.398030444));
#2495=CARTESIAN_POINT('',(30.051988856,19.586202757,0.442512565));
#2496=CARTESIAN_POINT('',(30.054829301,19.524023583,0.453950107));
#2497=CARTESIAN_POINT('',(30.055706355,19.461824471,0.453804468));
#2498=CARTESIAN_POINT('',(29.883034731,19.960390114,0.));
#2499=CARTESIAN_POINT('',(29.896372451,19.957546646,0.062288484));
#2500=CARTESIAN_POINT('',(29.909705638,19.942419353,0.123970989));
#2501=CARTESIAN_POINT('',(29.934487586,19.889771149,0.237342812));
#2502=CARTESIAN_POINT('',(29.945927917,19.852268781,0.2889926));
#2503=CARTESIAN_POINT('',(29.965296792,19.760258104,0.374872343));
#2504=CARTESIAN_POINT('',(29.973218726,19.705781985,0.409072395));
#2505=CARTESIAN_POINT('',(29.984419618,19.587647191,0.455130271));
#2506=CARTESIAN_POINT('',(29.987694716,19.524029753,0.466972076));
#2507=CARTESIAN_POINT('',(29.988411002,19.460390114,0.466785626));
#2508=CARTESIAN_POINT('',(29.796802129,19.960390114,0.));
#2509=CARTESIAN_POINT('',(29.813289327,19.960390114,0.063339204));
#2510=CARTESIAN_POINT('',(29.829770038,19.947376452,0.126653487));
#2511=CARTESIAN_POINT('',(29.860234408,19.897283308,0.243689075));
#2512=CARTESIAN_POINT('',(29.87420608,19.860223535,0.297364332));
#2513=CARTESIAN_POINT('',(29.897522499,19.767663474,0.386939494));
#2514=CARTESIAN_POINT('',(29.906858072,19.712199604,0.422804154));
#2515=CARTESIAN_POINT('',(29.919476827,19.591264056,0.471281882));
#2516=CARTESIAN_POINT('',(29.922755045,19.525839961,0.483875876));
#2517=CARTESIAN_POINT('',(29.922755045,19.460390114,0.483875876));
#2518=B_SPLINE_SURFACE_WITH_KNOTS('',3,3,((#2458,#2459,#2460,#2461,#2462,#2463,#2464,#2465,#2466,#2467),(#2468,#2469,#2470,#2471,#2472,#2473,#2474,#2475,#2476,#2477),(#2478,#2479,#2480,#2481,#2482,#2483,#2484,#2485,#2486,#2487),(#2488,#2489,#2490,#2491,#2492,#2493,#2494,#2495,#2496,#2497),(#2498,#2499,#2500,#2501,#2502,#2503,#2504,#2505,#2506,#2507),(#2508,#2509,#2510,#2511,#2512,#2513,#2514,#2515,#2516,#2517)),.UNSPECIFIED.,.F.,.F.,.U.,(4,2,4),(4,2,2,2,4),(0.000873466,0.001139168,0.00140487),(0.,0.25,0.5,0.75,1.),.UNSPECIFIED.);
#2519=ORIENTED_EDGE('',*,*,#2452,.T.);
#2520=ORIENTED_EDGE('',*,*,#427,.F.);
#2521=CARTESIAN_POINT('',(29.796802129,19.460390114,-0.));
#2522=DIRECTION('',(-0.967751751,-0.,0.251905831));
#2523=DIRECTION('',(-0.251905831,-0.,-0.967751751));
#2524=AXIS2_PLACEMENT_3D('',#2521,#2522,#2523);
#2525=CIRCLE('',#2524,0.5);
#2526=EDGE_CURVE('',#2134,#414,#2525,.T.);
#2527=ORIENTED_EDGE('',*,*,#2526,.F.);
#2528=ORIENTED_EDGE('',*,*,#2143,.F.);
#2529=EDGE_LOOP('',(#2519,#2520,#2527,#2528));
#2530=FACE_BOUND('',#2529,.T.);
#2531=ADVANCED_FACE('',(#2530),#2518,.T.);
#2532=CARTESIAN_POINT('',(36.673845608,19.464977263,0.43242702));
#2533=CARTESIAN_POINT('',(36.673845608,19.524778745,0.43242702));
#2534=CARTESIAN_POINT('',(36.673845608,19.584563807,0.42158474));
#2535=CARTESIAN_POINT('',(36.673845608,19.696549946,0.379585057));
#2536=CARTESIAN_POINT('',(36.673845608,19.748720275,0.348439183));
#2537=CARTESIAN_POINT('',(36.673845608,19.838826085,0.269789252));
#2538=CARTESIAN_POINT('',(36.673845608,19.876736826,0.222306787));
#2539=CARTESIAN_POINT('',(36.673845608,19.933485667,0.117024131));
#2540=CARTESIAN_POINT('',(36.673845608,19.952308185,0.059252845));
#2541=CARTESIAN_POINT('',(36.673845608,19.960390114,0.));
#2542=CARTESIAN_POINT('',(36.741323512,19.464977263,0.43242702));
#2543=CARTESIAN_POINT('',(36.741668504,19.524778745,0.43242702));
#2544=CARTESIAN_POINT('',(36.742471979,19.584563807,0.42158474));
#2545=CARTESIAN_POINT('',(36.744894412,19.696549946,0.379585057));
#2546=CARTESIAN_POINT('',(36.746512705,19.748720275,0.348439183));
#2547=CARTESIAN_POINT('',(36.750359043,19.838826085,0.269789252));
#2548=CARTESIAN_POINT('',(36.752586034,19.876736826,0.222306787));
#2549=CARTESIAN_POINT('',(36.757366376,19.933485667,0.117024131));
#2550=CARTESIAN_POINT('',(36.759918416,19.952308185,0.059252845));
#2551=CARTESIAN_POINT('',(36.762471156,19.960390114,0.));
#2552=CARTESIAN_POINT('',(36.808606848,19.46411704,0.43669072));
#2553=CARTESIAN_POINT('',(36.809297726,19.524405408,0.436745064));
#2554=CARTESIAN_POINT('',(36.81090414,19.58467672,0.425806982));
#2555=CARTESIAN_POINT('',(36.815744412,19.697455236,0.383348503));
#2556=CARTESIAN_POINT('',(36.818976939,19.749930528,0.351840112));
#2557=CARTESIAN_POINT('',(36.826658363,19.840322015,0.272305018));
#2558=CARTESIAN_POINT('',(36.831105157,19.878212617,0.224300806));
#2559=CARTESIAN_POINT('',(36.840649629,19.934521106,0.117974627));
#2560=CARTESIAN_POINT('',(36.845744698,19.952923025,0.059682735));
#2561=CARTESIAN_POINT('',(36.850841159,19.960390114,-0.));
#2562=CARTESIAN_POINT('',(36.942784861,19.461824471,0.453804468));
#2563=CARTESIAN_POINT('',(36.943661915,19.524023583,0.453950107));
#2564=CARTESIAN_POINT('',(36.94650236,19.586202757,0.442512565));
#2565=CARTESIAN_POINT('',(36.955725029,19.702042461,0.398030444));
#2566=CARTESIAN_POINT('',(36.962104337,19.755665854,0.365000118));
#2567=CARTESIAN_POINT('',(36.977534992,19.847006616,0.281863928));
#2568=CARTESIAN_POINT('',(36.986581461,19.884694687,0.231784703));
#2569=CARTESIAN_POINT('',(37.006111865,19.938964302,0.12143172));
#2570=CARTESIAN_POINT('',(37.016589626,19.955528415,0.061193329));
#2571=CARTESIAN_POINT('',(37.027070699,19.960390114,0.));
#2572=CARTESIAN_POINT('',(37.010080213,19.460390114,0.466785626));
#2573=CARTESIAN_POINT('',(37.0107965,19.524029753,0.466972076));
#2574=CARTESIAN_POINT('',(37.014071598,19.587647191,0.455130271));
#2575=CARTESIAN_POINT('',(37.02527249,19.705781985,0.409072395));
#2576=CARTESIAN_POINT('',(37.033194424,19.760258104,0.374872343));
#2577=CARTESIAN_POINT('',(37.052563298,19.852268781,0.2889926));
#2578=CARTESIAN_POINT('',(37.06400363,19.889771149,0.237342812));
#2579=CARTESIAN_POINT('',(37.088785578,19.942419353,0.123970989));
#2580=CARTESIAN_POINT('',(37.102118765,19.957546646,0.062288484));
#2581=CARTESIAN_POINT('',(37.115456484,19.960390114,0.));
#2582=CARTESIAN_POINT('',(37.075736171,19.460390114,0.483875876));
#2583=CARTESIAN_POINT('',(37.075736171,19.525839961,0.483875876));
#2584=CARTESIAN_POINT('',(37.079014388,19.591264056,0.471281882));
#2585=CARTESIAN_POINT('',(37.091633143,19.712199604,0.422804154));
#2586=CARTESIAN_POINT('',(37.100968716,19.767663474,0.386939494));
#2587=CARTESIAN_POINT('',(37.124285135,19.860223535,0.297364332));
#2588=CARTESIAN_POINT('',(37.138256808,19.897283308,0.243689075));
#2589=CARTESIAN_POINT('',(37.168721177,19.947376452,0.126653487));
#2590=CARTESIAN_POINT('',(37.185201888,19.960390114,0.063339204));
#2591=CARTESIAN_POINT('',(37.201689087,19.960390114,0.));
#2592=B_SPLINE_SURFACE_WITH_KNOTS('',3,3,((#2532,#2533,#2534,#2535,#2536,#2537,#2538,#2539,#2540,#2541),(#2542,#2543,#2544,#2545,#2546,#2547,#2548,#2549,#2550,#2551),(#2552,#2553,#2554,#2555,#2556,#2557,#2558,#2559,#2560,#2561),(#2562,#2563,#2564,#2565,#2566,#2567,#2568,#2569,#2570,#2571),(#2572,#2573,#2574,#2575,#2576,#2577,#2578,#2579,#2580,#2581),(#2582,#2583,#2584,#2585,#2586,#2587,#2588,#2589,#2590,#2591)),.UNSPECIFIED.,.F.,.F.,.U.,(4,2,4),(4,2,2,2,4),(0.000873466,0.001139168,0.00140487),(0.,0.25,0.5,0.75,1.),.UNSPECIFIED.);
#2593=ORIENTED_EDGE('',*,*,#2444,.T.);
#2594=ORIENTED_EDGE('',*,*,#2091,.F.);
#2595=CARTESIAN_POINT('',(37.201689087,19.460390114,0.));
#2596=DIRECTION('',(0.967751751,0.,0.251905831));
#2597=DIRECTION('',(-0.251905831,0.,0.967751751));
#2598=AXIS2_PLACEMENT_3D('',#2595,#2596,#2597);
#2599=CIRCLE('',#2598,0.5);
#2600=EDGE_CURVE('',#438,#2073,#2599,.T.);
#2601=ORIENTED_EDGE('',*,*,#2600,.F.);
#2602=ORIENTED_EDGE('',*,*,#443,.F.);
#2603=EDGE_LOOP('',(#2593,#2594,#2601,#2602));
#2604=FACE_BOUND('',#2603,.T.);
#2605=ADVANCED_FACE('',(#2604),#2592,.T.);
#2606=CARTESIAN_POINT('',(30.324645608,19.460390114,2.02782702));
#2607=DIRECTION('',(-0.,1.,0.));
#2608=DIRECTION('',(-1.,-0.,0.));
#2609=AXIS2_PLACEMENT_3D('',#2606,#2607,#2608);
#2610=TOROIDAL_SURFACE('',#2609,2.0954,0.5);
#2611=ORIENTED_EDGE('',*,*,#2526,.T.);
#2612=ORIENTED_EDGE('',*,*,#1307,.F.);
#2613=CARTESIAN_POINT('',(28.229245608,19.460390114,2.02782702));
#2614=DIRECTION('',(0.,0.,1.));
#2615=DIRECTION('',(1.,0.,-0.));
#2616=AXIS2_PLACEMENT_3D('',#2613,#2614,#2615);
#2617=CIRCLE('',#2616,0.5);
#2618=EDGE_CURVE('',#2146,#1295,#2617,.T.);
#2619=ORIENTED_EDGE('',*,*,#2618,.F.);
#2620=ORIENTED_EDGE('',*,*,#2152,.F.);
#2621=EDGE_LOOP('',(#2611,#2612,#2619,#2620));
#2622=FACE_BOUND('',#2621,.T.);
#2623=ADVANCED_FACE('',(#2622),#2610,.T.);
#2624=CARTESIAN_POINT('',(36.673845608,19.460390114,2.02782702));
#2625=DIRECTION('',(-0.,1.,0.));
#2626=DIRECTION('',(-1.,-0.,0.));
#2627=AXIS2_PLACEMENT_3D('',#2624,#2625,#2626);
#2628=TOROIDAL_SURFACE('',#2627,2.0954,0.5);
#2629=ORIENTED_EDGE('',*,*,#2600,.T.);
#2630=ORIENTED_EDGE('',*,*,#2079,.F.);
#2631=CARTESIAN_POINT('',(38.769245608,19.460390114,2.02782702));
#2632=DIRECTION('',(0.,0.,1.));
#2633=DIRECTION('',(1.,0.,-0.));
#2634=AXIS2_PLACEMENT_3D('',#2631,#2632,#2633);
#2635=CIRCLE('',#2634,0.5);
#2636=EDGE_CURVE('',#1252,#2049,#2635,.T.);
#2637=ORIENTED_EDGE('',*,*,#2636,.F.);
#2638=ORIENTED_EDGE('',*,*,#1258,.F.);
#2639=EDGE_LOOP('',(#2629,#2630,#2637,#2638));
#2640=FACE_BOUND('',#2639,.T.);
#2641=ADVANCED_FACE('',(#2640),#2628,.T.);
#2642=CARTESIAN_POINT('',(28.229245608,19.460390114,2.31242702));
#2643=DIRECTION('',(0.,0.,-1.));
#2644=DIRECTION('',(-1.,0.,0.));
#2645=AXIS2_PLACEMENT_3D('',#2642,#2643,#2644);
#2646=CYLINDRICAL_SURFACE('',#2645,0.5);
#2647=ORIENTED_EDGE('',*,*,#2618,.T.);
#2648=ORIENTED_EDGE('',*,*,#1300,.F.);
#2649=CARTESIAN_POINT('',(28.229245608,19.460390114,2.59702702));
#2650=DIRECTION('',(0.,0.,1.));
#2651=DIRECTION('',(0.,-1.,0.));
#2652=AXIS2_PLACEMENT_3D('',#2649,#2650,#2651);
#2653=CIRCLE('',#2652,0.5);
#2654=EDGE_CURVE('',#2171,#1286,#2653,.T.);
#2655=ORIENTED_EDGE('',*,*,#2654,.F.);
#2656=ORIENTED_EDGE('',*,*,#2176,.F.);
#2657=EDGE_LOOP('',(#2647,#2648,#2655,#2656));
#2658=FACE_BOUND('',#2657,.T.);
#2659=ADVANCED_FACE('',(#2658),#2646,.T.);
#2660=CARTESIAN_POINT('',(38.769245608,19.460390114,2.31242702));
#2661=DIRECTION('',(0.,0.,1.));
#2662=DIRECTION('',(1.,0.,-0.));
#2663=AXIS2_PLACEMENT_3D('',#2660,#2661,#2662);
#2664=CYLINDRICAL_SURFACE('',#2663,0.5);
#2665=ORIENTED_EDGE('',*,*,#2636,.T.);
#2666=ORIENTED_EDGE('',*,*,#2054,.F.);
#2667=CARTESIAN_POINT('',(38.769245608,19.460390114,2.59702702));
#2668=DIRECTION('',(0.,0.,1.));
#2669=DIRECTION('',(1.,0.,-0.));
#2670=AXIS2_PLACEMENT_3D('',#2667,#2668,#2669);
#2671=CIRCLE('',#2670,0.5);
#2672=EDGE_CURVE('',#1261,#2024,#2671,.T.);
#2673=ORIENTED_EDGE('',*,*,#2672,.F.);
#2674=ORIENTED_EDGE('',*,*,#1266,.F.);
#2675=EDGE_LOOP('',(#2665,#2666,#2673,#2674));
#2676=FACE_BOUND('',#2675,.T.);
#2677=ADVANCED_FACE('',(#2676),#2664,.T.);
#2678=CARTESIAN_POINT('',(30.324645608,19.460390114,2.59702702));
#2679=DIRECTION('',(-0.,1.,0.));
#2680=DIRECTION('',(-1.,-0.,0.));
#2681=AXIS2_PLACEMENT_3D('',#2678,#2679,#2680);
#2682=TOROIDAL_SURFACE('',#2681,2.0954,0.5);
#2683=ORIENTED_EDGE('',*,*,#2654,.T.);
#2684=ORIENTED_EDGE('',*,*,#1292,.F.);
#2685=CARTESIAN_POINT('',(30.324645608,19.460390114,4.69242702));
#2686=DIRECTION('',(1.,0.,0.));
#2687=DIRECTION('',(0.,0.,-1.));
#2688=AXIS2_PLACEMENT_3D('',#2685,#2686,#2687);
#2689=CIRCLE('',#2688,0.5);
#2690=EDGE_CURVE('',#2195,#1278,#2689,.T.);
#2691=ORIENTED_EDGE('',*,*,#2690,.F.);
#2692=ORIENTED_EDGE('',*,*,#2201,.F.);
#2693=EDGE_LOOP('',(#2683,#2684,#2691,#2692));
#2694=FACE_BOUND('',#2693,.T.);
#2695=ADVANCED_FACE('',(#2694),#2682,.T.);
#2696=CARTESIAN_POINT('',(36.673845608,19.460390114,2.59702702));
#2697=DIRECTION('',(-0.,1.,0.));
#2698=DIRECTION('',(-1.,-0.,0.));
#2699=AXIS2_PLACEMENT_3D('',#2696,#2697,#2698);
#2700=TOROIDAL_SURFACE('',#2699,2.0954,0.5);
#2701=ORIENTED_EDGE('',*,*,#2672,.T.);
#2702=ORIENTED_EDGE('',*,*,#2030,.F.);
#2703=CARTESIAN_POINT('',(36.673845608,19.460390114,4.69242702));
#2704=DIRECTION('',(-1.,0.,0.));
#2705=DIRECTION('',(0.,0.,1.));
#2706=AXIS2_PLACEMENT_3D('',#2703,#2704,#2705);
#2707=CIRCLE('',#2706,0.5);
#2708=EDGE_CURVE('',#1269,#2016,#2707,.T.);
#2709=ORIENTED_EDGE('',*,*,#2708,.F.);
#2710=ORIENTED_EDGE('',*,*,#1275,.F.);
#2711=EDGE_LOOP('',(#2701,#2702,#2709,#2710));
#2712=FACE_BOUND('',#2711,.T.);
#2713=ADVANCED_FACE('',(#2712),#2700,.T.);
#2714=CARTESIAN_POINT('',(31.668195608,19.460390114,4.69242702));
#2715=DIRECTION('',(-1.,-0.,0.));
#2716=DIRECTION('',(0.,-1.,0.));
#2717=AXIS2_PLACEMENT_3D('',#2714,#2715,#2716);
#2718=CYLINDRICAL_SURFACE('',#2717,0.5);
#2719=ORIENTED_EDGE('',*,*,#2690,.T.);
#2720=ORIENTED_EDGE('',*,*,#1283,.F.);
#2721=ORIENTED_EDGE('',*,*,#2708,.T.);
#2722=ORIENTED_EDGE('',*,*,#2223,.F.);
#2723=EDGE_LOOP('',(#2719,#2720,#2721,#2722));
#2724=FACE_BOUND('',#2723,.T.);
#2725=ADVANCED_FACE('',(#2724),#2718,.T.);
#2726=CARTESIAN_POINT('',(45.,-16.960390114,7.));
#2727=DIRECTION('',(0.,0.,-1.));
#2728=DIRECTION('',(-1.,0.,0.));
#2729=AXIS2_PLACEMENT_3D('',#2726,#2727,#2728);
#2730=CYLINDRICAL_SURFACE('',#2729,3.);
#2731=ORIENTED_EDGE('',*,*,#1452,.F.);
#2732=CARTESIAN_POINT('',(45.,-16.960390114,5.5));
#2733=DIRECTION('',(-0.,-0.,-1.));
#2734=DIRECTION('',(1.,0.,-0.));
#2735=AXIS2_PLACEMENT_3D('',#2732,#2733,#2734);
#2736=CIRCLE('',#2735,3.);
#2737=EDGE_CURVE('',#1441,#1351,#2736,.T.);
#2738=ORIENTED_EDGE('',*,*,#2737,.T.);
#2739=ORIENTED_EDGE('',*,*,#1356,.F.);
#2740=ORIENTED_EDGE('',*,*,#477,.F.);
#2741=EDGE_LOOP('',(#2731,#2738,#2739,#2740));
#2742=FACE_BOUND('',#2741,.T.);
#2743=ADVANCED_FACE('',(#2742),#2730,.T.);
#2744=CARTESIAN_POINT('',(45.,16.960390114,7.));
#2745=DIRECTION('',(0.,0.,-1.));
#2746=DIRECTION('',(-1.,0.,0.));
#2747=AXIS2_PLACEMENT_3D('',#2744,#2745,#2746);
#2748=CYLINDRICAL_SURFACE('',#2747,3.);
#2749=ORIENTED_EDGE('',*,*,#1248,.F.);
#2750=CARTESIAN_POINT('',(45.,16.960390114,5.5));
#2751=DIRECTION('',(-0.,-0.,-1.));
#2752=DIRECTION('',(1.,0.,-0.));
#2753=AXIS2_PLACEMENT_3D('',#2750,#2751,#2752);
#2754=CIRCLE('',#2753,3.);
#2755=EDGE_CURVE('',#1237,#1433,#2754,.T.);
#2756=ORIENTED_EDGE('',*,*,#2755,.T.);
#2757=ORIENTED_EDGE('',*,*,#1438,.F.);
#2758=ORIENTED_EDGE('',*,*,#460,.F.);
#2759=EDGE_LOOP('',(#2749,#2756,#2757,#2758));
#2760=FACE_BOUND('',#2759,.T.);
#2761=ADVANCED_FACE('',(#2760),#2748,.T.);
#2762=CARTESIAN_POINT('',(23.086336335,24.960390114,7.));
#2763=DIRECTION('',(0.,0.,-1.));
#2764=DIRECTION('',(-1.,0.,0.));
#2765=AXIS2_PLACEMENT_3D('',#2762,#2763,#2764);
#2766=CYLINDRICAL_SURFACE('',#2765,5.);
#2767=ORIENTED_EDGE('',*,*,#1339,.F.);
#2768=CARTESIAN_POINT('',(23.086336335,24.960390114,5.5));
#2769=DIRECTION('',(0.,0.,1.));
#2770=DIRECTION('',(1.,0.,-0.));
#2771=AXIS2_PLACEMENT_3D('',#2768,#2769,#2770);
#2772=CIRCLE('',#2771,5.);
#2773=EDGE_CURVE('',#1327,#1229,#2772,.T.);
#2774=ORIENTED_EDGE('',*,*,#2773,.T.);
#2775=ORIENTED_EDGE('',*,*,#1234,.F.);
#2776=ORIENTED_EDGE('',*,*,#411,.F.);
#2777=EDGE_LOOP('',(#2767,#2774,#2775,#2776));
#2778=FACE_BOUND('',#2777,.T.);
#2779=ADVANCED_FACE('',(#2778),#2766,.F.);
#2780=CARTESIAN_POINT('',(23.086336335,-24.960390114,7.));
#2781=DIRECTION('',(0.,0.,-1.));
#2782=DIRECTION('',(-1.,0.,0.));
#2783=AXIS2_PLACEMENT_3D('',#2780,#2781,#2782);
#2784=CYLINDRICAL_SURFACE('',#2783,5.);
#2785=ORIENTED_EDGE('',*,*,#1370,.F.);
#2786=CARTESIAN_POINT('',(19.691286874,-21.289744509,5.5));
#2787=VERTEX_POINT('',#2786);
#2788=CARTESIAN_POINT('',(23.086336335,-24.960390114,5.5));
#2789=DIRECTION('',(0.,0.,1.));
#2790=DIRECTION('',(1.,0.,-0.));
#2791=AXIS2_PLACEMENT_3D('',#2788,#2789,#2790);
#2792=CIRCLE('',#2791,5.);
#2793=EDGE_CURVE('',#1359,#2787,#2792,.T.);
#2794=ORIENTED_EDGE('',*,*,#2793,.T.);
#2795=CARTESIAN_POINT('',(19.691286874,-21.289744509,0.));
#2796=DIRECTION('',(-0.,-0.,1.));
#2797=VECTOR('',#2796,5.5);
#2798=LINE('',#2795,#2797);
#2799=EDGE_CURVE('',#378,#2787,#2798,.T.);
#2800=ORIENTED_EDGE('',*,*,#2799,.F.);
#2801=ORIENTED_EDGE('',*,*,#384,.F.);
#2802=EDGE_LOOP('',(#2785,#2794,#2800,#2801));
#2803=FACE_BOUND('',#2802,.T.);
#2804=ADVANCED_FACE('',(#2803),#2784,.F.);
#2805=CARTESIAN_POINT('',(45.,-16.960390114,5.5));
#2806=DIRECTION('',(0.,0.,1.));
#2807=DIRECTION('',(1.,0.,-0.));
#2808=AXIS2_PLACEMENT_3D('',#2805,#2806,#2807);
#2809=DEGENERATE_TOROIDAL_SURFACE('',#2808,1.5,1.5,.T.);
#2810=CARTESIAN_POINT('',(45.,-18.460390114,5.5));
#2811=DIRECTION('',(-1.,0.,0.));
#2812=DIRECTION('',(0.,0.,1.));
#2813=AXIS2_PLACEMENT_3D('',#2810,#2811,#2812);
#2814=CIRCLE('',#2813,1.5);
#2815=EDGE_CURVE('',#1351,#1539,#2814,.T.);
#2816=ORIENTED_EDGE('',*,*,#2815,.F.);
#2817=ORIENTED_EDGE('',*,*,#2737,.F.);
#2818=CARTESIAN_POINT('',(46.5,-16.960390114,5.5));
#2819=DIRECTION('',(0.,1.,0.));
#2820=DIRECTION('',(0.,-0.,1.));
#2821=AXIS2_PLACEMENT_3D('',#2818,#2819,#2820);
#2822=CIRCLE('',#2821,1.5);
#2823=EDGE_CURVE('',#1547,#1441,#2822,.T.);
#2824=ORIENTED_EDGE('',*,*,#2823,.F.);
#2825=ORIENTED_EDGE('',*,*,#1553,.F.);
#2826=EDGE_LOOP('',(#2816,#2817,#2824,#2825));
#2827=FACE_BOUND('',#2826,.T.);
#2828=ADVANCED_FACE('',(#2827),#2809,.T.);
#2829=CARTESIAN_POINT('',(46.5,0.,5.5));
#2830=DIRECTION('',(0.,-1.,0.));
#2831=DIRECTION('',(0.,0.,-1.));
#2832=AXIS2_PLACEMENT_3D('',#2829,#2830,#2831);
#2833=CYLINDRICAL_SURFACE('',#2832,1.5);
#2834=ORIENTED_EDGE('',*,*,#2823,.T.);
#2835=ORIENTED_EDGE('',*,*,#1446,.F.);
#2836=CARTESIAN_POINT('',(46.5,16.960390114,5.5));
#2837=DIRECTION('',(0.,1.,0.));
#2838=DIRECTION('',(0.,-0.,1.));
#2839=AXIS2_PLACEMENT_3D('',#2836,#2837,#2838);
#2840=CIRCLE('',#2839,1.5);
#2841=EDGE_CURVE('',#1556,#1433,#2840,.T.);
#2842=ORIENTED_EDGE('',*,*,#2841,.F.);
#2843=ORIENTED_EDGE('',*,*,#1561,.F.);
#2844=EDGE_LOOP('',(#2834,#2835,#2842,#2843));
#2845=FACE_BOUND('',#2844,.T.);
#2846=ADVANCED_FACE('',(#2845),#2833,.T.);
#2847=CARTESIAN_POINT('',(34.518826295,-18.460390114,5.5));
#2848=DIRECTION('',(-1.,0.,0.));
#2849=DIRECTION('',(-0.,-1.,0.));
#2850=AXIS2_PLACEMENT_3D('',#2847,#2848,#2849);
#2851=CYLINDRICAL_SURFACE('',#2850,1.5);
#2852=ORIENTED_EDGE('',*,*,#2815,.T.);
#2853=ORIENTED_EDGE('',*,*,#1544,.F.);
#2854=CARTESIAN_POINT('',(23.086336335,-18.460390114,5.5));
#2855=DIRECTION('',(-1.,0.,0.));
#2856=DIRECTION('',(0.,0.,1.));
#2857=AXIS2_PLACEMENT_3D('',#2854,#2855,#2856);
#2858=CIRCLE('',#2857,1.5);
#2859=EDGE_CURVE('',#1359,#1530,#2858,.T.);
#2860=ORIENTED_EDGE('',*,*,#2859,.F.);
#2861=ORIENTED_EDGE('',*,*,#1364,.F.);
#2862=EDGE_LOOP('',(#2852,#2853,#2860,#2861));
#2863=FACE_BOUND('',#2862,.T.);
#2864=ADVANCED_FACE('',(#2863),#2851,.T.);
#2865=CARTESIAN_POINT('',(45.,16.960390114,5.5));
#2866=DIRECTION('',(0.,0.,1.));
#2867=DIRECTION('',(1.,0.,-0.));
#2868=AXIS2_PLACEMENT_3D('',#2865,#2866,#2867);
#2869=DEGENERATE_TOROIDAL_SURFACE('',#2868,1.5,1.5,.T.);
#2870=ORIENTED_EDGE('',*,*,#2841,.T.);
#2871=ORIENTED_EDGE('',*,*,#2755,.F.);
#2872=CARTESIAN_POINT('',(45.,18.460390114,5.5));
#2873=DIRECTION('',(-1.,0.,0.));
#2874=DIRECTION('',(0.,0.,1.));
#2875=AXIS2_PLACEMENT_3D('',#2872,#2873,#2874);
#2876=CIRCLE('',#2875,1.5);
#2877=EDGE_CURVE('',#1564,#1237,#2876,.T.);
#2878=ORIENTED_EDGE('',*,*,#2877,.F.);
#2879=ORIENTED_EDGE('',*,*,#1570,.F.);
#2880=EDGE_LOOP('',(#2870,#2871,#2878,#2879));
#2881=FACE_BOUND('',#2880,.T.);
#2882=ADVANCED_FACE('',(#2881),#2869,.T.);
#2883=CARTESIAN_POINT('',(23.086336335,-24.960390114,5.5));
#2884=DIRECTION('',(0.,0.,1.));
#2885=DIRECTION('',(1.,0.,-0.));
#2886=AXIS2_PLACEMENT_3D('',#2883,#2884,#2885);
#2887=TOROIDAL_SURFACE('',#2886,6.5,1.5);
#2888=ORIENTED_EDGE('',*,*,#2859,.T.);
#2889=ORIENTED_EDGE('',*,*,#1536,.F.);
#2890=CARTESIAN_POINT('',(18.672772036,-20.188550827,5.5));
#2891=DIRECTION('',(-0.734129121,-0.679009892,0.));
#2892=DIRECTION('',(0.679009892,-0.734129121,0.));
#2893=AXIS2_PLACEMENT_3D('',#2890,#2891,#2892);
#2894=CIRCLE('',#2893,1.5);
#2895=EDGE_CURVE('',#2787,#1521,#2894,.T.);
#2896=ORIENTED_EDGE('',*,*,#2895,.F.);
#2897=ORIENTED_EDGE('',*,*,#2793,.F.);
#2898=EDGE_LOOP('',(#2888,#2889,#2896,#2897));
#2899=FACE_BOUND('',#2898,.T.);
#2900=ADVANCED_FACE('',(#2899),#2887,.T.);
#2901=CARTESIAN_POINT('',(34.518826295,18.460390114,5.5));
#2902=DIRECTION('',(1.,0.,0.));
#2903=DIRECTION('',(-0.,1.,0.));
#2904=AXIS2_PLACEMENT_3D('',#2901,#2902,#2903);
#2905=CYLINDRICAL_SURFACE('',#2904,1.5);
#2906=ORIENTED_EDGE('',*,*,#2877,.T.);
#2907=ORIENTED_EDGE('',*,*,#1242,.F.);
#2908=CARTESIAN_POINT('',(23.086336335,18.460390114,5.5));
#2909=DIRECTION('',(-1.,0.,0.));
#2910=DIRECTION('',(0.,0.,1.));
#2911=AXIS2_PLACEMENT_3D('',#2908,#2909,#2910);
#2912=CIRCLE('',#2911,1.5);
#2913=EDGE_CURVE('',#1573,#1229,#2912,.T.);
#2914=ORIENTED_EDGE('',*,*,#2913,.F.);
#2915=ORIENTED_EDGE('',*,*,#1578,.F.);
#2916=EDGE_LOOP('',(#2906,#2907,#2914,#2915));
#2917=FACE_BOUND('',#2916,.T.);
#2918=ADVANCED_FACE('',(#2917),#2905,.T.);
#2919=CARTESIAN_POINT('',(0.,0.,5.5));
#2920=DIRECTION('',(0.,0.,1.));
#2921=DIRECTION('',(1.,0.,-0.));
#2922=AXIS2_PLACEMENT_3D('',#2919,#2920,#2921);
#2923=TOROIDAL_SURFACE('',#2922,27.5,1.5);
#2924=ORIENTED_EDGE('',*,*,#2895,.T.);
#2925=ORIENTED_EDGE('',*,*,#1527,.F.);
#2926=CARTESIAN_POINT('',(18.672772036,20.188550827,5.5));
#2927=DIRECTION('',(0.734129121,-0.679009892,0.));
#2928=DIRECTION('',(0.679009892,0.734129121,0.));
#2929=AXIS2_PLACEMENT_3D('',#2926,#2927,#2928);
#2930=CIRCLE('',#2929,1.5);
#2931=EDGE_CURVE('',#1327,#1519,#2930,.T.);
#2932=ORIENTED_EDGE('',*,*,#2931,.F.);
#2933=ORIENTED_EDGE('',*,*,#1333,.F.);
#2934=CARTESIAN_POINT('',(0.,0.,5.5));
#2935=DIRECTION('',(-0.,-0.,-1.));
#2936=DIRECTION('',(1.,0.,-0.));
#2937=AXIS2_PLACEMENT_3D('',#2934,#2935,#2936);
#2938=CIRCLE('',#2937,29.);
#2939=EDGE_CURVE('',#2787,#1319,#2938,.T.);
#2940=ORIENTED_EDGE('',*,*,#2939,.F.);
#2941=EDGE_LOOP('',(#2924,#2925,#2932,#2933,#2940));
#2942=FACE_BOUND('',#2941,.T.);
#2943=ADVANCED_FACE('',(#2942),#2923,.T.);
#2944=CARTESIAN_POINT('',(23.086336335,24.960390114,5.5));
#2945=DIRECTION('',(0.,0.,1.));
#2946=DIRECTION('',(1.,0.,-0.));
#2947=AXIS2_PLACEMENT_3D('',#2944,#2945,#2946);
#2948=TOROIDAL_SURFACE('',#2947,6.5,1.5);
#2949=ORIENTED_EDGE('',*,*,#2913,.T.);
#2950=ORIENTED_EDGE('',*,*,#2773,.F.);
#2951=ORIENTED_EDGE('',*,*,#2931,.T.);
#2952=ORIENTED_EDGE('',*,*,#1585,.F.);
#2953=EDGE_LOOP('',(#2949,#2950,#2951,#2952));
#2954=FACE_BOUND('',#2953,.T.);
#2955=ADVANCED_FACE('',(#2954),#2948,.T.);
#2956=CARTESIAN_POINT('',(0.,0.,1.8));
#2957=DIRECTION('',(0.,0.,1.));
#2958=DIRECTION('',(1.,0.,0.));
#2959=AXIS2_PLACEMENT_3D('',#2956,#2957,#2958);
#2960=PLANE('',#2959);
#2961=ORIENTED_EDGE('',*,*,#589,.T.);
#2962=ORIENTED_EDGE('',*,*,#1773,.T.);
#2963=CARTESIAN_POINT('',(3.497673279,-20.270450948,1.8));
#2964=VERTEX_POINT('',#2963);
#2965=CARTESIAN_POINT('',(3.614999218,-20.950402876,1.8));
#2966=DIRECTION('',(0.,0.,1.));
#2967=DIRECTION('',(1.,0.,-0.));
#2968=AXIS2_PLACEMENT_3D('',#2965,#2966,#2967);
#2969=CIRCLE('',#2968,0.69);
#2970=EDGE_CURVE('',#1762,#2964,#2969,.T.);
#2971=ORIENTED_EDGE('',*,*,#2970,.T.);
#2972=CARTESIAN_POINT('',(11.012457029,-17.373850759,1.8));
#2973=VERTEX_POINT('',#2972);
#2974=CARTESIAN_POINT('',(0.,0.,1.8));
#2975=DIRECTION('',(0.,0.,1.));
#2976=DIRECTION('',(1.,0.,-0.));
#2977=AXIS2_PLACEMENT_3D('',#2974,#2975,#2976);
#2978=CIRCLE('',#2977,20.57);
#2979=EDGE_CURVE('',#2964,#2973,#2978,.T.);
#2980=ORIENTED_EDGE('',*,*,#2979,.T.);
#2981=CARTESIAN_POINT('',(10.547821979,-18.218471603,1.8));
#2982=VERTEX_POINT('',#2981);
#2983=CARTESIAN_POINT('',(11.547821979,-18.218471603,1.8));
#2984=DIRECTION('',(0.,0.,1.));
#2985=DIRECTION('',(1.,0.,-0.));
#2986=AXIS2_PLACEMENT_3D('',#2983,#2984,#2985);
#2987=CIRCLE('',#2986,1.);
#2988=EDGE_CURVE('',#2973,#2982,#2987,.T.);
#2989=ORIENTED_EDGE('',*,*,#2988,.T.);
#2990=CARTESIAN_POINT('',(11.547821979,-18.218471603,1.8));
#2991=DIRECTION('',(0.,0.,1.));
#2992=DIRECTION('',(1.,0.,-0.));
#2993=AXIS2_PLACEMENT_3D('',#2990,#2991,#2992);
#2994=CIRCLE('',#2993,1.);
#2995=EDGE_CURVE('',#2982,#1730,#2994,.T.);
#2996=ORIENTED_EDGE('',*,*,#2995,.T.);
#2997=ORIENTED_EDGE('',*,*,#1735,.T.);
#2998=EDGE_LOOP('',(#2961,#2962,#2971,#2980,#2989,#2996,#2997));
#2999=FACE_BOUND('',#2998,.T.);
#3000=ADVANCED_FACE('',(#2999),#2960,.F.);
#3001=CARTESIAN_POINT('',(3.614999218,-20.950402876,5.4));
#3002=DIRECTION('',(0.,0.,-1.));
#3003=DIRECTION('',(-1.,0.,0.));
#3004=AXIS2_PLACEMENT_3D('',#3001,#3002,#3003);
#3005=CYLINDRICAL_SURFACE('',#3004,0.69);
#3006=ORIENTED_EDGE('',*,*,#2970,.F.);
#3007=ORIENTED_EDGE('',*,*,#1767,.F.);
#3008=ORIENTED_EDGE('',*,*,#224,.F.);
#3009=CARTESIAN_POINT('',(3.497673279,-20.270450948,1.8));
#3010=DIRECTION('',(0.,0.,-1.));
#3011=VECTOR('',#3010,1.8);
#3012=LINE('',#3009,#3011);
#3013=EDGE_CURVE('',#2964,#209,#3012,.T.);
#3014=ORIENTED_EDGE('',*,*,#3013,.F.);
#3015=EDGE_LOOP('',(#3006,#3007,#3008,#3014));
#3016=FACE_BOUND('',#3015,.T.);
#3017=ADVANCED_FACE('',(#3016),#3005,.T.);
#3018=CARTESIAN_POINT('',(11.547821979,-18.218471603,5.4));
#3019=DIRECTION('',(0.,0.,-1.));
#3020=DIRECTION('',(-1.,0.,0.));
#3021=AXIS2_PLACEMENT_3D('',#3018,#3019,#3020);
#3022=CYLINDRICAL_SURFACE('',#3021,1.);
#3023=CARTESIAN_POINT('',(10.547821979,-18.218471603,0.));
#3024=DIRECTION('',(-0.,-0.,1.));
#3025=VECTOR('',#3024,1.8);
#3026=LINE('',#3023,#3025);
#3027=EDGE_CURVE('',#251,#2982,#3026,.T.);
#3028=ORIENTED_EDGE('',*,*,#3027,.T.);
#3029=ORIENTED_EDGE('',*,*,#2988,.F.);
#3030=CARTESIAN_POINT('',(11.012457029,-17.373850759,-0.));
#3031=DIRECTION('',(-0.,-0.,1.));
#3032=VECTOR('',#3031,1.8);
#3033=LINE('',#3030,#3032);
#3034=EDGE_CURVE('',#260,#2973,#3033,.T.);
#3035=ORIENTED_EDGE('',*,*,#3034,.F.);
#3036=ORIENTED_EDGE('',*,*,#266,.F.);
#3037=EDGE_LOOP('',(#3028,#3029,#3035,#3036));
#3038=FACE_BOUND('',#3037,.T.);
#3039=ADVANCED_FACE('',(#3038),#3022,.T.);
#3040=CARTESIAN_POINT('',(-11.59582242,-18.235377769,5.4));
#3041=DIRECTION('',(0.,0.,-1.));
#3042=DIRECTION('',(-1.,0.,0.));
#3043=AXIS2_PLACEMENT_3D('',#3040,#3041,#3042);
#3044=CYLINDRICAL_SURFACE('',#3043,1.04);
#3045=ORIENTED_EDGE('',*,*,#96,.F.);
#3046=ORIENTED_EDGE('',*,*,#48,.F.);
#3047=ORIENTED_EDGE('',*,*,#364,.F.);
#3048=CARTESIAN_POINT('',(-11.037763405,-17.357784392,1.5));
#3049=DIRECTION('',(0.,0.,-1.));
#3050=VECTOR('',#3049,1.5);
#3051=LINE('',#3048,#3050);
#3052=EDGE_CURVE('',#90,#351,#3051,.T.);
#3053=ORIENTED_EDGE('',*,*,#3052,.F.);
#3054=EDGE_LOOP('',(#3045,#3046,#3047,#3053));
#3055=FACE_BOUND('',#3054,.T.);
#3056=ADVANCED_FACE('',(#3055),#3044,.T.);
#3057=CARTESIAN_POINT('',(-3.608281735,-20.961708015,5.4));
#3058=DIRECTION('',(0.,0.,-1.));
#3059=DIRECTION('',(-1.,0.,0.));
#3060=AXIS2_PLACEMENT_3D('',#3057,#3058,#3059);
#3061=CYLINDRICAL_SURFACE('',#3060,0.7);
#3062=ORIENTED_EDGE('',*,*,#114,.F.);
#3063=CARTESIAN_POINT('',(-3.489532453,-20.271853967,0.));
#3064=DIRECTION('',(-0.,-0.,1.));
#3065=VECTOR('',#3064,1.5);
#3066=LINE('',#3063,#3065);
#3067=EDGE_CURVE('',#200,#99,#3066,.T.);
#3068=ORIENTED_EDGE('',*,*,#3067,.F.);
#3069=ORIENTED_EDGE('',*,*,#206,.F.);
#3070=ORIENTED_EDGE('',*,*,#1617,.F.);
#3071=ORIENTED_EDGE('',*,*,#1685,.F.);
#3072=ORIENTED_EDGE('',*,*,#1641,.F.);
#3073=EDGE_LOOP('',(#3062,#3068,#3069,#3070,#3071,#3072));
#3074=FACE_BOUND('',#3073,.T.);
#3075=ADVANCED_FACE('',(#3074),#3061,.T.);
#3076=CARTESIAN_POINT('',(0.,0.,5.4));
#3077=DIRECTION('',(0.,0.,-1.));
#3078=DIRECTION('',(-1.,0.,0.));
#3079=AXIS2_PLACEMENT_3D('',#3076,#3077,#3078);
#3080=CYLINDRICAL_SURFACE('',#3079,20.57);
#3081=ORIENTED_EDGE('',*,*,#138,.T.);
#3082=ORIENTED_EDGE('',*,*,#815,.T.);
#3083=ORIENTED_EDGE('',*,*,#1095,.T.);
#3084=ORIENTED_EDGE('',*,*,#1156,.F.);
#3085=ORIENTED_EDGE('',*,*,#658,.T.);
#3086=ORIENTED_EDGE('',*,*,#275,.F.);
#3087=ORIENTED_EDGE('',*,*,#3034,.T.);
#3088=ORIENTED_EDGE('',*,*,#2979,.F.);
#3089=ORIENTED_EDGE('',*,*,#3013,.T.);
#3090=ORIENTED_EDGE('',*,*,#215,.F.);
#3091=ORIENTED_EDGE('',*,*,#3067,.T.);
#3092=ORIENTED_EDGE('',*,*,#105,.F.);
#3093=ORIENTED_EDGE('',*,*,#3052,.T.);
#3094=ORIENTED_EDGE('',*,*,#357,.F.);
#3095=EDGE_LOOP('',(#3081,#3082,#3083,#3084,#3085,#3086,#3087,#3088,#3089,#3090,#3091,#3092,#3093,#3094));
#3096=FACE_BOUND('',#3095,.T.);
#3097=ADVANCED_FACE('',(#3096),#3080,.F.);
#3098=CARTESIAN_POINT('',(0.,0.,7.));
#3099=DIRECTION('',(0.,0.,-1.));
#3100=DIRECTION('',(-1.,0.,0.));
#3101=AXIS2_PLACEMENT_3D('',#3098,#3099,#3100);
#3102=CYLINDRICAL_SURFACE('',#3101,29.);
#3103=ORIENTED_EDGE('',*,*,#1324,.F.);
#3104=ORIENTED_EDGE('',*,*,#393,.T.);
#3105=ORIENTED_EDGE('',*,*,#2799,.T.);
#3106=ORIENTED_EDGE('',*,*,#2939,.T.);
#3107=EDGE_LOOP('',(#3103,#3104,#3105,#3106));
#3108=FACE_BOUND('',#3107,.T.);
#3109=ADVANCED_FACE('',(#3108),#3102,.T.);
#3110=CARTESIAN_POINT('',(19.920966342,0.6,7.));
#3111=DIRECTION('',(0.,0.,-1.));
#3112=DIRECTION('',(-1.,0.,0.));
#3113=AXIS2_PLACEMENT_3D('',#3110,#3111,#3112);
#3114=CYLINDRICAL_SURFACE('',#3113,0.5);
#3115=ORIENTED_EDGE('',*,*,#1837,.F.);
#3116=ORIENTED_EDGE('',*,*,#1183,.F.);
#3117=ORIENTED_EDGE('',*,*,#858,.F.);
#3118=ORIENTED_EDGE('',*,*,#833,.F.);
#3119=EDGE_LOOP('',(#3115,#3116,#3117,#3118));
#3120=FACE_BOUND('',#3119,.T.);
#3121=ADVANCED_FACE('',(#3120),#3114,.T.);
#3122=CARTESIAN_POINT('',(19.920966342,-0.6,7.));
#3123=DIRECTION('',(0.,0.,-1.));
#3124=DIRECTION('',(-1.,0.,0.));
#3125=AXIS2_PLACEMENT_3D('',#3122,#3123,#3124);
#3126=CYLINDRICAL_SURFACE('',#3125,0.5);
#3127=ORIENTED_EDGE('',*,*,#1854,.F.);
#3128=ORIENTED_EDGE('',*,*,#1166,.F.);
#3129=ORIENTED_EDGE('',*,*,#1104,.F.);
#3130=ORIENTED_EDGE('',*,*,#800,.F.);
#3131=EDGE_LOOP('',(#3127,#3128,#3129,#3130));
#3132=FACE_BOUND('',#3131,.T.);
#3133=ADVANCED_FACE('',(#3132),#3126,.T.);
#3134=CARTESIAN_POINT('',(11.547821979,-18.218471603,5.4));
#3135=DIRECTION('',(0.,0.,-1.));
#3136=DIRECTION('',(-1.,0.,0.));
#3137=AXIS2_PLACEMENT_3D('',#3134,#3135,#3136);
#3138=CYLINDRICAL_SURFACE('',#3137,1.);
#3139=ORIENTED_EDGE('',*,*,#3027,.F.);
#3140=ORIENTED_EDGE('',*,*,#257,.F.);
#3141=ORIENTED_EDGE('',*,*,#1741,.F.);
#3142=ORIENTED_EDGE('',*,*,#2995,.F.);
#3143=EDGE_LOOP('',(#3139,#3140,#3141,#3142));
#3144=FACE_BOUND('',#3143,.T.);
#3145=ADVANCED_FACE('',(#3144),#3138,.T.);
#3146=CLOSED_SHELL('',(#82,#124,#183,#567,#607,#631,#662,#693,#758,#837,#895,#917,#1057,#1083,#1114,#1145,#1222,#1312,#1344,#1375,#1426,#1457,#1508,#1597,#1628,#1652,
#1669,#1692,#1723,#1754,#1785,#1801,#1827,#1844,#1861,#1885,#1909,#1926,#1963,#1980,#1997,#2009,#2041,#2065,#2102,#2126,#2163,#2187,#2212,#2229,#2241,
#2253,#2288,#2298,#2333,#2343,#2378,#2388,#2423,#2433,#2457,#2531,#2605,#2623,#2641,#2659,#2677,#2695,#2713,#2725,#2743,#2761,#2779,#2804,#2828,#2846,
#2864,#2882,#2900,#2918,#2943,#2955,#3000,#3017,#3039,#3056,#3075,#3097,#3109,#3121,#3133,#3145));
#3147=MANIFOLD_SOLID_BREP('Top',#3146);
#3148=COLOUR_RGB('',0.250980407,0.250980407,0.250980407);
#3149=FILL_AREA_STYLE_COLOUR('',#3148);
#3150=FILL_AREA_STYLE('',(#3149));
#3151=SURFACE_STYLE_FILL_AREA(#3150);
#3152=SURFACE_SIDE_STYLE('',(#3151));
#3153=SURFACE_STYLE_USAGE(.BOTH.,#3152);
#3154=PRESENTATION_STYLE_ASSIGNMENT((#3153));
#26=STYLED_ITEM('',(#3154),#3147);
#16=SHAPE_REPRESENTATION('root',(#15),#10);
#17=ADVANCED_BREP_SHAPE_REPRESENTATION('root',(#3147),#10);
#3162=SHAPE_REPRESENTATION_RELATIONSHIP('','',#16,#17);
#3163=CARTESIAN_POINT('',(0.,0.,0.));
#3164=DIRECTION('',(0.,0.,1.));
#3165=DIRECTION('',(1.,0.,0.));
#3166=AXIS2_PLACEMENT_3D('',#3163,#3164,#3165);
#3168=MAPPED_ITEM('',#3167,#3166);
#3167=REPRESENTATION_MAP(#3166,#16);
#3169=APPLICATION_CONTEXT('Managed model based 3d engineering');
#3170=APPLICATION_PROTOCOL_DEFINITION('international standard','ap242_managed_model_based_3d_engineering',2014,#3169);
#3171=PRODUCT_CONTEXT('',#3169,'mechanical');
#3172=PRODUCT_DEFINITION_CONTEXT('part definition',#3169,'design');
#24=PRODUCT('root','root','',(#3171));
#3173=PRODUCT_RELATED_PRODUCT_CATEGORY('part','',(#24));
#3174=PRODUCT_DEFINITION_FORMATION_WITH_SPECIFIED_SOURCE('','',#24,.NOT_KNOWN.);
#25=PRODUCT_DEFINITION('design','',#3174,#3172);
#23=PRODUCT_DEFINITION_SHAPE('','',#25);
#3175=SHAPE_DEFINITION_REPRESENTATION(#23,#16);
#11=DRAUGHTING_MODEL('',(#3168),#10);
#3176=DESCRIPTIVE_REPRESENTATION_ITEM('KEY','/Users/mark/Library/Containers/com.shapr3d.shapr/Data/tmp/0F820205-9CA7-473C-9643-1C3DFDD0C0B7.tmp');
#3177=PROPERTY_DEFINITION('KEY','',#25);
#3178=REPRESENTATION('',(#3176),#10);
#3179=PROPERTY_DEFINITION_REPRESENTATION(#3177,#3178);
#3180=GENERAL_PROPERTY('','KEY','');
#3181=GENERAL_PROPERTY_ASSOCIATION('','',#3180,#3177);
#1=MECHANICAL_DESIGN_GEOMETRIC_PRESENTATION_REPRESENTATION('',(#26),#10);
ENDSEC;
END-ISO-10303-21;
